competition_id,n_players_with_match
ARCA,1086
ARG1,1077
ARGC,1028
AR1N,789
CS,765
A1P1,709
CLI,660
CDLP,646
CLPI,575
CLPF,433
A1P2,427
ARY3,414
ARG2,405
CDCA,375
FS,344
ARLC,250
CPP2,239
A2TP,229
CPP1,223
TDCS,179
SCAG,157
AR2T,143
SCIN,130
RECO,113
2SAM,111
CDCO,110
URUC,97
KLUB,95
20WC,92
URU1,91
WMQ4,89
URUI,87
MEXA,84
MEX1,82
CH1C,79
MARG,78
BRA1,78
CLPD,75
BRC,73
CDR,69
USMX,67
COPA,63
URP1,61
PR1C,60
PR1A,58
EL,58
17WC,56
SAM7,55
CLIY,54
ES1,53
ALPS,51
MLS1,50
CL,50
CCL,48
OLCF,46
COL1,45
ELQ,45
POME,45
ARG3,45
URUP,44
CLQ,44
FIWC,43
COLP,41
CIT,41
POMX,41
IT1,40
COPO,39
AJSC,37
POUS,36
MLSP,36
ECUP,35
OLYM,33
COLF,33
URSC,32
COLO,32
ES2,29
SAM2,28
EL1S,27
EL1A,27
ALPL,27
BRA2,27
URU2,25
GR1,25
GRP,25
ECLQ,24
POPO,23
AR3P,23
SURU,23
EC1N,23
CA16,22
PO1,22
CPMX,22
BRNE,22
BCP1,21
UCOL,20
PR1P,20
POAR,19
MXCA,19
CSUC,19
TDeC,18
POCP,18
FR1,18
RU1,18
FRC,17
RUP,17
M20C,17
MXCC,16
BRRS,16
AR3B,16
TDV,16
S1PO,16
TDeA,16
TRP,15
COSP,15
BCPF,15
SA1,15
URU3,14
CL2B,14
URUE,14
POSU,14
FIYO,14
USC,14
GB1,14
TR1,14
SAKC,14
FAC,13
CGB,13
M20A,13
MXSC,13
LPPL,12
RS2f,12
CHL1,11
BRCM,11
CAMC,11
BRNF,11
CCB,10
FRL,10
AFT,10
ECSC,10
SUC,10
IT2,10
USSP,10
BRCG,10
CHIÜ,10
UR2T,9
BE1,9
CHLA,9
ACO1,9
SA15,9
SC14,9
AFCL,9
BRCE,9
MNP3,9
PO2,8
BULP,8
BU1,8
BO1A,8
SCI,8
IJ1,8
19YL,8
BRCR,8
CO2T,8
CO22,8
ES1P,8
CHDP,8
CITP,7
RUSS,7
CBII,7
RCBR,7
ZYP1,7
SCC,6
SCBR,6
DFB,6
L1,6
LCLC,6
C2P2,6
FRCH,6
BO1C,6
NL1,6
BRPR,6
MEXB,6
CPO1,6
VZ1A,6
BRCB,6
AR3C,6
AR3D,6
BRPE,6
C1,5
CAN,5
CHFA,5
CSL,5
WMQ1,5
GB21,5
ITJE,5
POGR,5
SER1,5
BRCF,5
CB20,5
CONC,5
EJPL,5
B1AP,5
NLP,5
ECP2,5
MEX2,5
BRC2,5
ECPE,5
ECSE,5
ITJ3,5
ECP1,5
COBI,5
JEMP,4
BULS,4
BVC1,4
GBCS,4
USL,4
SERP,4
CHLP,4
ES3C,4
QEC1,4
QSL,4
RO1R,4
ROMP,4
EC2L,4
UKR1,4
CILP,4
BRVE,4
MXBC,4
BCE1,4
ZYPA,4
CCAC,4
HOAP,4
HO1A,4
HOCP,4
HOC1,4
C1P1,4
VEC1,4
ZYPM,4
UAE1,4
UAEP,4
GRS2,4
A3RP,4
JAP2,3
POBE,3
SCIJ,3
FIC1,3
SCP,3
SFA,3
SC1,3
SCPM,3
WMQ6,3
ACLE,3
UEFA,3
BO12,3
21PL,3
MXBA,3
M23C,3
POSB,3
VZOA,3
M23A,3
COLE,3
UALC,3
CH2C,3
QSCP,3
AFAC,3
EMQ,3
IT3P,3
M2L1,3
RO1,3
AR3F,3
MAL1,3
AR3A,3
VZ1C,3
RSK2,2
RKPO,2
C2,2
TR2,2
ISPO,2
ITJ5,2
GB2,2
CL2P,2
ITJ2,2
ESJP,2
POWM,2
URPL,2
BESC,2
NL2,2
UKRP,2
TRS,2
CO2P,2
CN2C,2
SR1C,2
BU2,2
BE2,2
CLLC,2
SASS,2
SA2L,2
KR1,2
KRC,2
PDV1,2
CRPD,2
PDV2,2
NLSC,2
GRPL,2
U19Q,2
CHL2,2
ACLQ,2
B1P2,2
CYSC,2
P2AR,2
GU1C,2
UNLC,2
UNLB,2
MNPP,2
C3HF,2
LET1,2
UNG1,2
IT3C,2
IT3B,2
E3PL,2
PAR2,2
PT23,2
B1P1,2
BRGO,2
E3G2,2
AUSF,2
AUS1,2
SLO1,2
ROPC,2
URL3,2
PERF,2
MALC,2
C20P,2
SPjr,2
VZOC,2
KR2,2
A2,1
ofb,1
BASU,1
C3NA,1
ISRF,1
ISR1,1
PLIC,1
RUJL,1
ITJ7,1
U17Q,1
C3IF,1
CN2D,1
L1PO,1
L2,1
21EU,1
U21Q,1
VIE1,1
VPO1,1
BEL3,1
RO2,1
R2AP,1
CHC1,1
POT1,1
IT4Y,1
SCC2,1
LPO,1
DFL,1
UR2S,1
M2L2,1
BRMS,1
ITPO,1
CN2B,1
FR2,1
BE2A,1
ES3B,1
GBFL,1
CIF,1
CRPV,1
NLBP,1
NLBB,1
J18W,1
JAP1,1
JAPC,1
J1YL,1
MYC1,1
MYS1,1
MYSP,1
CWCQ,1
CHPL,1
GUPC,1
PONL,1
DKRE,1
DK1,1
DKMR,1
DKP,1
URE2,1
ACQU,1
BRga,1
RUSR,1
CHPR,1
CIR5,1
PL2,1
POPU,1
C3AR,1
GOCU,1
CNNF,1
CNLA,1
SSC,1
SCPA,1
SC2,1
UNPO,1
NO45,1
NOPO,1
NO1,1
brti,1
CYP2,1
UN2,1
UNGP,1
SR1R,1
RSER,1
QSLR,1
AMCQ,1
QU2L,1
SCIC,1
RLGR,1
LETP,1
LET2,1
M21A,1
GU1A,1
GUPA,1
IT3A,1
ITJF,1
CHSC,1
P23Q,1
PTPR,1
E4G5,1
ES3A,1
MOSC,1
MO1N,1
MWP1,1
UASC,1
E4G4,1
ISR2,1
SKSC,1
AC2Q,1
ACL2,1
FFAC,1
CVF,1
UNLD,1
GCQU,1
PRSC,1
CNLB,1
WMQ3,1
C220,1
PRC1,1
USC3,1
PRA1,1
C20Q,1
CO17,1
CNLC,1
C17Q,1
PRP1,1
CCLS,1
SFA1,1
NEDC,1
ACL,1
CHDE,1
AR3R,1
E3FA,1
IT4E,1
IT4P,1
ES2P,1
SU20,1
E3G1,1
SEC,1
SE3S,1
INSC,1
IND1,1
BRAL,1
PER2,1
MALM,1
SLMR,1
SWEP,1
SKC,1
SWRP,1
SK2,1
SLAR,1
MALS,1
M23L,1
BRPA,1
HRSC,1
G2SC,1
S2PA,1
UZSC,1
UZ1,1
KOBU,1
VZ1P,1
E3PP,1
E4G1,1
FRYC,1
LPL2,1
LPL,1
IRN1,1
IRNP,1
IRQ1,1
