player_id,player_name,current_team_id,current_team_name,current_position,current_age,nationality,shirt_number,career_seasons,career_clubs,career_competitions,career_matches_in_squad,career_matches_played,career_minutes,career_goals,career_assists,career_shots_total,career_shots_on_goal,career_yellow_cards,career_national_team_matches,first_season,last_season
1118893,Benjamin Dunbar,25580,Melbourne City FC,Central Midfield,20,Australia,42,4,3,7,62,14,465,0,1,3,3,3,3,2021,2024
904309,Alexandar Popovic,8054,Sydney FC,Centre-Back,23,Australia,41,7,3,11,197,111,8893,5,2,41,15,25,5,2017,2025
691325,Jordan Courtney-Perkins,8054,Sydney FC,Centre-Back,23,Australia,4,9,5,16,296,162,11523,8,5,61,21,19,27,2017,2025
1104715,Zach De Jesus,8054,Sydney FC,Right-Back,20,Australia,21,5,2,10,218,88,5152,1,4,7,2,10,11,2021,2025
108108,Rhyan Grant,8054,Sydney FC,Right-Back,35,Australia,23,18,1,13,637,428,35282,20,37,159,47,74,27,2008,2025
1226710,Tyler Williams,8054,Sydney FC,Centre-Back,18,Australia,34,3,2,7,134,82,5824,0,0,2,0,15,11,2023,2025
1064377,Paul Okon-Engstler,8054,Sydney FC,Defensive Midfield,21,Australia,24,4,4,15,155,107,7908,1,7,19,6,18,33,2022,2025
296787,Takahiro Sekine,8054,Sydney FC,Left Midfield,31,Japan,0,14,5,19,611,440,27171,42,55,269,78,47,3,2012,2025
1158288,Wataru Kamijo,8054,Sydney FC,Central Midfield,20,Australia,8,4,2,6,158,71,4334,2,3,14,2,12,1,2022,2025
811400,Jake Hollman,8054,Sydney FC,Attacking Midfield,24,Australia,0,6,3,13,236,134,7894,20,10,177,64,22,10,2020,2025
394285,Víctor Campuzano,8054,Sydney FC,Centre-Forward,29,Spain,9,11,5,13,438,253,11745,47,10,191,89,23,1,2015,2025
692440,Al Hassan Touré,8054,Sydney FC,Left Winger,26,Australia,35,8,7,14,256,151,7426,26,11,161,48,11,7,2018,2025
1334905,Akol Akon,8054,Sydney FC,Right Winger,17,Australia,7,2,3,6,79,38,1740,1,10,21,8,3,11,2024,2025
1226712,Mathias Macallister,8054,Sydney FC,Centre-Forward,19,Australia,22,3,2,8,121,72,4019,27,1,16,9,6,10,2023,2025
1169773,Alexander Zaverdinos,8054,Sydney FC,Goalkeeper,18,Australia,0,4,2,3,98,31,2790,0,0,0,0,0,0,2022,2025
1179902,Marin France,8054,Sydney FC,Left Winger,19,Australia,33,4,2,6,153,58,3336,12,3,2,1,5,1,2022,2025
616430,Joel King,7831,Brisbane Roar,Left-Back,25,Australia,16,9,3,15,308,189,13759,5,14,41,10,19,9,2017,2025
1226706,Nickolas Alfaro,8054,Sydney FC,Central Midfield,17,Australia,0,3,2,9,112,41,1521,2,0,1,1,2,14,2023,2025
209686,Ahmet Arslan,8054,Sydney FC,Attacking Midfield,31,Türkiye,70,14,13,16,581,394,27680,156,75,310,114,55,0,2012,2025
547924,Apostolos Stamatelopoulos,8054,Sydney FC,Centre-Forward,26,Australia,80,10,7,13,312,166,9651,45,10,218,89,21,5,2016,2025
833603,Patrick Wood,5551,Newcastle United Jets,Centre-Forward,23,Australia,8,7,4,9,225,140,4695,29,8,159,75,17,7,2019,2025
1001362,Max Vartuli,875,Adelaide United,Goalkeeper,21,Australia,13,5,6,11,150,17,1461,0,0,0,0,1,2,2021,2025
745416,Ethan Cox,875,Adelaide United,Goalkeeper,22,Australia,40,7,1,7,207,10,855,0,0,0,0,0,2,2019,2025
190687,Joshua Smits,875,Adelaide United,Goalkeeper,33,Netherlands,22,15,9,17,691,228,20573,0,0,0,0,5,0,2011,2025
1099708,Panagiotis Kikianis,875,Adelaide United,Centre-Back,21,Australia,4,4,1,7,109,71,6243,8,1,31,9,14,14,2022,2025
1038443,Panashe Madanha,36100,Western Sydney Wanderers,Right-Back,21,Australia,0,5,1,4,125,42,1496,0,4,10,2,3,4,2021,2025
296454,Ryan Kitto,875,Adelaide United,Left-Back,31,Australia,7,13,2,5,336,267,18606,23,22,150,41,22,0,2012,2025
129991,Bart Vriends,875,Adelaide United,Centre-Back,35,Netherlands,3,17,6,15,573,413,34774,24,6,98,33,51,1,2008,2025
1104730,Fabian Talladira,875,Adelaide United,Left-Back,20,Australia,62,4,1,10,106,43,2530,0,0,8,1,1,31,2022,2025
1431808,Vinko Stanisic,875,Adelaide United,Centre-Back,19,Australia,71,2,1,3,29,3,161,0,0,0,0,1,0,2024,2025
1464075,Israel Monga,875,Adelaide United,Centre-Back,18,Australia,15,1,1,2,28,0,0,0,0,0,0,0,0,2025,2025
941357,Ethan Alagich,875,Adelaide United,Central Midfield,22,Australia,55,5,1,6,151,103,7344,9,10,108,20,14,7,2021,2025
647456,Jay Barnett,875,Adelaide United,Defensive Midfield,25,Australia,14,8,3,5,226,106,6200,1,4,29,9,7,0,2018,2025
1241886,Ryan White,875,Adelaide United,Central Midfield,20,Australia,44,3,1,4,63,50,2496,3,2,27,9,2,2,2023,2025
85357,Juan Muñiz,875,Adelaide United,Attacking Midfield,34,Spain,10,17,9,20,722,463,27285,78,66,162,70,109,6,2009,2025
114341,Anselmo,875,Adelaide United,Attacking Midfield,37,Brazil,87,18,12,26,817,400,29940,38,18,328,101,118,0,2008,2025
214798,Craig Goodwin,875,Adelaide United,Left Winger,34,Australia,11,15,6,16,604,417,30733,97,82,440,182,51,32,2011,2025
1403601,Brody Burkitt,875,Adelaide United,Centre-Forward,20,Australia,35,1,1,2,23,14,446,3,2,13,7,2,0,2025,2025
532107,Ben Folami,875,Adelaide United,Left Winger,27,Australia,17,8,5,16,278,154,8510,14,12,180,70,8,9,2017,2025
1237914,Amlani Tatu,875,Adelaide United,Left Winger,18,Australia,74,3,1,8,78,24,1334,5,2,22,6,2,16,2023,2025
1321410,Joey Garuccio,875,Adelaide United,Centre-Forward,19,Australia,65,3,1,3,30,7,107,1,0,2,1,0,0,2023,2025
1029949,Jake Najdovski,875,Adelaide United,Centre-Forward,21,Australia,18,6,2,5,130,25,611,5,1,10,4,2,7,2020,2025
740164,Oscar Mason,118373,Auckland FC,Goalkeeper,20,New Zealand,1,7,4,9,215,143,12850,0,0,0,0,8,1,2019,2025
983840,Ajak Riak,875,Adelaide United,Centre-Forward,25,Southern Sudan,99,6,6,15,169,69,4041,13,6,62,22,3,14,2021,2026
290838,Oliver Sail,118373,Auckland FC,Goalkeeper,30,New Zealand,20,14,6,16,484,196,17268,0,0,0,0,13,13,2012,2025
1128985,James Hilton,71085,Macarthur FC,Goalkeeper,23,Australia,0,4,2,6,122,90,8115,0,0,0,0,5,0,2022,2025
887859,Joseph Knowles,118373,Auckland FC,Goalkeeper,21,New Zealand,30,6,6,10,217,75,6780,0,0,0,0,1,1,2020,2025
1375572,Eli Jones,118373,Auckland FC,Goalkeeper,19,New Zealand,50,2,2,7,96,19,1740,0,0,0,0,2,0,2024,2025
867761,Jake Girdwood-Reich,118373,Auckland FC,Centre-Back,21,Australia,3,7,5,12,202,112,6710,3,1,45,13,9,5,2019,2025
482204,Callan Elliot,118373,Auckland FC,Right-Back,27,New Zealand,17,10,6,19,358,171,11089,6,8,41,10,27,27,2016,2025
617015,Nathan Lobo,118373,Auckland FC,Left-Back,22,New Zealand,13,8,4,15,254,153,12040,2,6,1,0,11,12,2017,2025
1153793,Luka Vicelich,118373,Auckland FC,Centre-Back,18,New Zealand,52,3,3,10,106,36,2081,1,0,4,2,5,7,2023,2025
264905,Michael den Heijer,118373,Auckland FC,Centre-Back,29,New Zealand,5,13,8,25,410,217,16575,19,6,0,0,21,7,2012,2025
627143,Ronan Wynne,118373,Auckland FC,Centre-Back,25,New Zealand,0,8,8,12,123,94,7929,2,2,0,0,11,2,2018,2025
880131,Adama Coulibaly,118373,Auckland FC,Centre-Back,20,New Zealand,0,6,4,10,223,96,6224,6,0,0,0,6,5,2020,2025
1092672,Matthew d'Hotman,118373,Auckland FC,Left-Back,19,New Zealand,0,4,4,9,140,62,3916,4,4,1,1,4,6,2022,2025
396841,Louis Verstraete,118373,Auckland FC,Central Midfield,26,Belgium,6,11,5,18,409,220,15459,16,14,141,47,64,19,2015,2025
172323,Cameron Howieson,118373,Auckland FC,Central Midfield,31,New Zealand,7,16,6,32,627,289,20767,41,41,26,10,40,38,2010,2025
1352333,Daniel Normann,118373,Auckland FC,Defensive Midfield,24,Norway,0,5,4,7,76,51,4270,6,1,0,0,4,0,2021,2025
1104291,Isa Prins,118373,Auckland FC,Attacking Midfield,21,New Zealand,12,4,4,10,142,97,6422,38,4,0,0,8,0,2022,2025
724770,Matthew Ellis,118373,Auckland FC,Attacking Midfield,24,New Zealand,21,7,3,13,248,106,6992,27,8,0,0,7,1,2019,2025
897306,James Mitchell,118373,Auckland FC,Central Midfield,18,New Zealand,0,5,5,6,156,73,4622,2,1,0,0,12,0,2021,2025
677509,Jesse Randall,118373,Auckland FC,Left Winger,22,New Zealand,21,9,7,22,254,149,10062,63,27,143,55,8,26,2018,2026
479718,Guillermo May,118373,Auckland FC,Centre-Forward,27,Uruguay,10,9,8,18,317,220,14207,55,17,196,59,19,0,2017,2025
507115,Lachlan Brook,118373,Auckland FC,Right Winger,25,Australia,77,9,6,18,330,160,8581,30,8,260,102,13,17,2016,2025
351691,Sam Cosgrove,118373,Auckland FC,Centre-Forward,29,England,9,12,14,19,554,328,17585,82,24,487,183,52,0,2014,2025
312317,Logan Rogerson,118373,Auckland FC,Right Winger,28,New Zealand,27,13,11,35,574,292,18328,76,63,99,35,19,51,2013,2025
1045285,Aston Burns,118373,Auckland FC,Centre-Forward,19,New Zealand,41,4,5,8,95,46,3270,12,2,0,0,5,0,2021,2025
166078,Emiliano Tade,118373,Auckland FC,Centre-Forward,37,Argentina,20,16,7,18,501,320,21089,192,71,3,0,33,0,2010,2025
1118927,Ryan Warner,970,Perth Glory,Goalkeeper,20,Australia,40,3,2,3,59,0,0,0,0,0,0,0,0,2022,2025
470986,Sam Sutton,970,Perth Glory,Left-Back,24,New Zealand,3,10,3,9,278,180,13260,7,18,53,15,24,10,2016,2025
1285841,Tadiwanashe Kuzamba,970,Perth Glory,Right-Back,19,Australia,30,2,1,2,28,1,6,0,0,0,0,0,0,2023,2025
1064380,Kaelan Majekodunmi,970,Perth Glory,Centre-Back,21,Australia,0,4,2,8,120,34,2507,2,0,9,4,6,10,2022,2025
1195422,Zach Lisolajski,970,Perth Glory,Left-Back,19,Australia,15,3,3,6,97,37,1795,1,0,14,1,4,9,2023,2025
229970,Tom Lawrence,970,Perth Glory,Attacking Midfield,32,Wales,34,15,14,35,812,462,33109,90,60,441,149,80,40,2010,2025
1169749,William Freney,970,Perth Glory,Central Midfield,20,Australia,27,4,2,3,67,36,2333,0,0,14,3,6,0,2022,2025
1145213,Giovanni De Abreu,970,Perth Glory,Defensive Midfield,19,Australia,39,2,1,4,25,23,1479,1,2,14,6,8,5,2022,2025
539287,Callum Timmins,970,Perth Glory,Central Midfield,25,England,8,8,2,3,168,124,7289,4,5,82,21,22,0,2017,2025
916461,Rhys Bozinovski,970,Perth Glory,Defensive Midfield,20,Australia,0,6,3,8,165,90,5138,6,4,68,18,12,10,2020,2025
258912,Luke Amos,970,Perth Glory,Central Midfield,28,England,0,13,9,20,526,219,13468,12,1,57,13,43,3,2012,2025
1137438,Adam Bugarija,970,Perth Glory,Attacking Midfield,20,Australia,0,4,5,7,152,70,2959,17,8,42,12,4,9,2022,2025
1404854,Sebastian Despotovski,970,Perth Glory,Centre-Forward,20,Australia,25,2,1,2,29,19,1152,3,1,0,0,4,0,2024,2025
499735,Lachlan Wales,970,Perth Glory,Right Winger,27,Australia,11,10,5,8,268,206,14199,23,35,207,76,21,5,2016,2025
171721,Adam Taggart,970,Perth Glory,Centre-Forward,33,Australia,22,16,8,27,732,367,24865,151,20,647,247,25,35,2010,2025
714272,Stefan Colakovski,970,Perth Glory,Left Winger,26,North Macedonia,67,8,3,5,192,100,3589,13,8,79,40,12,2,2018,2025
1023268,Nathanael Blair,6954,Central Coast Mariners,Centre-Forward,21,Australia,18,5,5,7,183,87,4156,30,5,94,41,5,8,2021,2025
1066861,Arion Sulemani,970,Perth Glory,Centre-Forward,21,Australia,17,5,2,6,136,26,1083,4,2,17,7,0,5,2021,2025
985797,Luca Tevere,970,Perth Glory,Right Winger,23,Australia,18,6,5,5,139,87,6430,21,16,60,24,9,0,2020,2025
734487,Calem Nieuwenhof,970,Perth Glory,Defensive Midfield,25,Australia,0,7,4,16,256,99,6728,9,6,77,25,18,7,2019,2025
1106575,Daniel Graskoski,7006,Melbourne Victory,Goalkeeper,19,Australia,30,4,3,11,126,15,1254,0,0,0,0,0,5,2022,2025
1005338,Jack Warshawsky,7006,Melbourne Victory,Goalkeeper,21,Australia,40,6,6,11,227,62,5501,0,0,0,0,0,8,2019,2025
1050131,Lucas Scicluna,970,Perth Glory,Defensive Midfield,20,Malta,0,5,5,10,167,79,4916,3,2,16,1,12,15,2021,2025
171382,Jack Duncan,7006,Melbourne Victory,Goalkeeper,33,Australia,25,16,6,12,441,176,15649,0,0,0,0,7,3,2010,2025
1144487,Harrison Shillington,7006,Melbourne Victory,Right-Back,21,Australia,0,4,3,8,122,33,1757,1,1,4,0,0,3,2022,2025
1144488,Franco Lino,7006,Melbourne Victory,Left-Back,20,Australia,18,4,3,11,130,33,2343,5,1,3,2,5,7,2022,2025
207742,Tom Lockyer,7006,Melbourne Victory,Centre-Back,31,Wales,0,15,4,19,781,487,41130,14,7,111,33,72,23,2011,2025
147600,Brendan Hamill,7006,Melbourne Victory,Centre-Back,33,Australia,5,17,7,18,573,265,18852,12,8,65,20,45,4,2009,2025
677510,Keegan Jelacic,7006,Melbourne Victory,Attacking Midfield,23,Australia,23,7,6,12,180,112,7282,14,13,116,44,13,10,2018,2025
561650,Louis D'Arrigo,7006,Melbourne Victory,Defensive Midfield,24,Australia,27,9,3,10,280,173,10070,12,5,91,28,23,18,2017,2025
1356499,Oliver Dragicevic,7006,Melbourne Victory,Central Midfield,18,Australia,29,3,2,4,83,37,1864,3,4,1,0,3,3,2023,2025
888140,Nishan Velupillay,7006,Melbourne Victory,Left Winger,25,Australia,17,6,1,10,202,159,7817,31,15,213,82,6,21,2020,2025
1127122,Matthew Grimaldi,7006,Melbourne Victory,Right Winger,22,Australia,14,4,2,5,94,89,4111,14,6,23,6,6,6,2022,2025
483593,Harry Sawyer,7006,Melbourne Victory,Centre-Forward,29,Australia,0,9,7,17,273,147,8235,52,18,189,76,25,0,2016,2025
1373953,Malik Olukhale,7006,Melbourne Victory,Right Winger,17,Australia,0,3,1,5,34,11,334,1,1,0,0,0,6,2024,2026
1118086,Sebastian Esposito,7006,Melbourne Victory,Centre-Back,20,Australia,15,5,4,12,184,91,7686,4,2,16,5,15,15,2021,2025
1154874,Kayne Razmovski,7006,Melbourne Victory,Right-Back,20,Australia,28,3,3,6,67,22,1488,0,0,0,0,2,4,2022,2025
703658,Joshua Rawlins,7006,Melbourne Victory,Right-Back,21,Australia,22,9,4,13,245,153,10602,3,7,44,12,17,27,2018,2026
70209,Adama Traoré,7006,Melbourne Victory,Left-Back,35,Cote d'Ivoire,3,18,7,21,625,398,31958,8,21,71,22,69,13,2006,2025
87856,Roderick Miranda,7006,Melbourne Victory,Centre-Back,34,Portugal,21,19,10,30,775,398,33136,11,12,101,20,84,45,2007,2025
118302,Nikolaos Vergos,5551,Newcastle United Jets,Centre-Forward,30,Greece,9,16,14,28,659,361,19507,108,17,203,86,29,37,2010,2025
399981,James Delianov,5551,Newcastle United Jets,Goalkeeper,26,Australia,1,12,4,6,289,97,8747,0,0,0,0,2,4,2013,2025
265093,Reno Piscopo,7006,Melbourne Victory,Left Winger,27,Australia,7,14,7,18,400,241,13505,24,23,262,87,21,21,2012,2025
660145,Daniel Wilmering,5551,Newcastle United Jets,Left-Back,25,Australia,23,8,3,4,223,130,9322,5,17,48,13,9,0,2018,2025
652486,Thomas Aquilina,5551,Newcastle United Jets,Right-Back,25,Australia,39,7,4,5,175,127,8909,5,16,95,25,12,1,2019,2025
206836,Aleksandar Susnjar,5551,Newcastle United Jets,Centre-Back,29,Australia,0,15,15,28,455,298,24392,13,14,57,19,90,5,2011,2025
119574,Joe Shaughnessy,5551,Newcastle United Jets,Centre-Back,34,Ireland,5,17,9,20,754,485,40405,28,17,133,48,49,10,2009,2025
500924,Kosta Grozos,71085,Macarthur FC,Defensive Midfield,25,Australia,0,9,3,4,246,137,8697,6,8,83,31,15,0,2017,2025
840008,Lachlan Rose,5551,Newcastle United Jets,Centre-Forward,26,Australia,9,8,5,6,193,151,8103,34,8,246,100,7,0,2016,2026
246351,Zach Clough,5551,Newcastle United Jets,Right Winger,31,England,10,14,9,16,601,312,19782,70,46,207,82,18,0,2012,2025
1109827,Clayton Taylor,5551,Newcastle United Jets,Left Winger,21,Australia,13,6,2,5,128,102,7283,31,16,203,76,1,1,2020,2025
79419,Kota Mizunuma,5551,Newcastle United Jets,Right Winger,35,Japan,18,20,7,21,882,642,36086,97,113,295,116,31,10,2006,2025
1111965,Zane Schreiber,5551,Newcastle United Jets,Defensive Midfield,21,Australia,6,5,4,9,144,87,4236,3,2,26,8,16,8,2021,2025
983578,Patrick Beach,25580,Melbourne City FC,Goalkeeper,21,Australia,1,6,3,11,184,95,8639,0,0,0,0,3,16,2020,2025
734488,Dakota Ochsenham,25580,Melbourne City FC,Goalkeeper,25,Australia,0,5,3,4,84,3,300,0,0,0,0,0,0,2019,2025
1234191,Lachie Charles,25580,Melbourne City FC,Goalkeeper,19,Australia,60,3,3,7,66,13,1158,0,0,0,0,0,0,2023,2025
294857,Germán Ferreyra,36100,Western Sydney Wanderers,Centre-Back,30,Argentina,0,13,7,18,365,206,15726,10,8,32,8,47,8,2012,2025
1118925,Liam Bonetig,25580,Melbourne City FC,Centre-Back,20,Australia,4,4,5,14,165,66,4341,0,0,2,1,10,8,2022,2025
318541,Harrison Delbridge,25580,Melbourne City FC,Centre-Back,34,Australia,2,14,6,15,450,309,24120,9,7,99,24,48,1,2012,2025
136834,Aziz Behich,25580,Melbourne City FC,Left-Back,35,Australia,16,17,9,30,797,533,44415,21,34,136,46,83,88,2009,2025
1104712,Peter Antoniou,25580,Melbourne City FC,Right-Back,19,Australia,37,5,3,11,103,44,2403,3,2,6,3,4,18,2021,2025
1234223,Jayden Necovski,25580,Melbourne City FC,Centre-Back,18,Australia,34,3,3,8,95,20,1613,3,1,1,0,3,6,2023,2025
616431,Ryan Teague,25580,Melbourne City FC,Defensive Midfield,23,Australia,8,9,7,24,272,183,13210,7,8,69,15,17,30,2017,2025
691326,Kai Trewin,25580,Melbourne City FC,Defensive Midfield,24,Australia,0,8,3,11,246,194,16104,5,3,113,28,20,14,2018,2025
1289575,Lawrence Wong,25580,Melbourne City FC,Attacking Midfield,18,Australia,41,3,2,7,91,43,1758,5,4,20,4,4,7,2023,2025
1066862,Emin Durakovic,7831,Brisbane Roar,Central Midfield,20,Australia,14,5,2,7,148,40,1593,1,3,17,4,1,3,2021,2025
1234222,Kavian Rahmani,25580,Melbourne City FC,Left Winger,19,Australia,47,3,3,7,76,56,2618,2,3,32,11,4,2,2023,2025
1099720,Marcus Younis,25580,Melbourne City FC,Right Winger,19,Australia,28,4,6,14,167,114,6851,35,21,151,57,18,10,2022,2025
149579,Elbasan Rashani,25580,Melbourne City FC,Left Winger,33,Kosovo,11,17,7,25,709,433,26336,67,55,290,98,58,46,2009,2025
399997,Daniel Arzani,25580,Melbourne City FC,Right Winger,26,Australia,14,14,10,33,506,185,10174,22,30,197,75,32,23,2013,2026
1183854,Medin Memeti,25580,Melbourne City FC,Centre-Forward,19,Australia,35,4,3,10,134,68,3533,27,6,74,40,3,12,2022,2025
257110,Takeshi Kanamori,25580,Melbourne City FC,Right Winger,32,Japan,10,14,4,17,630,424,21650,50,32,198,65,31,3,2012,2025
126214,Mathew Leckie,25580,Melbourne City FC,Left Winger,35,Australia,7,18,9,21,809,474,32023,85,56,228,84,61,84,2007,2025
1183855,Benjamin Mazzeo,25580,Melbourne City FC,Right Winger,21,Australia,20,4,2,6,107,47,1887,8,1,30,11,0,0,2022,2025
1432380,Akeem Gerald,25580,Melbourne City FC,Right Winger,16,Australia,46,2,2,9,76,23,1080,2,2,3,2,1,13,2024,2025
1013240,Alex Bonetig,36100,Western Sydney Wanderers,Centre-Back,22,Australia,0,6,3,5,145,84,6770,1,1,28,5,5,0,2019,2025
1077355,Tristan Vidackovic,36100,Western Sydney Wanderers,Goalkeeper,23,Australia,40,4,4,5,112,51,4562,0,0,0,0,4,0,2022,2025
949477,Jacob Farrell,36100,Western Sydney Wanderers,Left-Back,22,Australia,0,6,3,11,216,108,8680,7,15,72,22,34,8,2020,2025
867763,Aidan Simmons,36100,Western Sydney Wanderers,Right-Back,22,Australia,31,7,3,8,197,100,7070,7,8,53,15,15,9,2019,2025
331017,Alex Gersbach,36100,Western Sydney Wanderers,Left-Back,29,Australia,3,14,12,35,554,266,18493,5,22,36,10,28,18,2011,2025
749273,Jarrod Carluccio,36100,Western Sydney Wanderers,Right-Back,25,Australia,17,7,3,4,201,111,5466,6,5,62,22,20,0,2019,2025
1278592,Ricky Fransen,36100,Western Sydney Wanderers,Centre-Back,19,New Zealand,34,3,2,3,96,57,4874,0,1,0,0,10,0,2023,2025
1110883,Jesse Cameron,36100,Western Sydney Wanderers,Right-Back,20,Australia,41,4,2,6,170,91,6618,4,4,5,2,15,4,2022,2025
425767,Gabriel Cléùr,36100,Western Sydney Wanderers,Right-Back,27,Australia,0,11,5,18,374,183,12665,3,17,30,8,37,7,2015,2025
559464,Angus Thurgate,36100,Western Sydney Wanderers,Central Midfield,26,Australia,32,9,3,6,244,212,16382,16,17,179,46,35,4,2017,2025
293607,Bozhidar Kraev,36100,Western Sydney Wanderers,Attacking Midfield,28,Bulgaria,23,14,7,29,627,385,24767,89,24,298,123,39,54,2012,2025
262971,Steven Ugarkovic,36100,Western Sydney Wanderers,Defensive Midfield,31,Australia,8,14,6,10,419,348,26201,22,19,251,66,45,5,2012,2025
293592,Brandon Borrello,36100,Western Sydney Wanderers,Centre-Forward,30,Australia,26,13,8,16,501,281,18563,53,47,338,113,41,17,2013,2025
171307,Joshua Brillante,36100,Western Sydney Wanderers,Defensive Midfield,32,Australia,0,16,10,22,579,373,29467,13,29,133,41,40,18,2010,2025
1121750,Aydan Hammond,36100,Western Sydney Wanderers,Right Winger,22,Australia,21,4,4,7,126,93,4698,23,6,107,46,14,7,2022,2025
1373100,Alaat Abdul-Rahman,36100,Western Sydney Wanderers,Centre-Forward,19,Australia,37,2,2,4,84,52,3692,8,3,0,0,6,2,2024,2025
1413326,Georgio Hassarati,36100,Western Sydney Wanderers,Centre-Forward,17,Australia,26,2,1,5,40,24,1071,17,0,6,4,0,15,2024,2025
1413350,Marcus Savic,36100,Western Sydney Wanderers,Centre-Back,17,Australia,0,3,1,5,50,20,1118,1,2,1,0,3,17,2024,2026
1109206,Miguel Di Pizio,36100,Western Sydney Wanderers,Right Winger,20,Australia,0,5,2,11,146,90,5089,14,8,101,32,2,13,2021,2025
1110729,Alex Robinson,71085,Macarthur FC,Goalkeeper,21,Australia,1,5,3,11,204,44,3902,0,0,1,0,1,6,2021,2025
363689,Jonathan Aspropotamitis,71085,Macarthur FC,Centre-Back,30,Australia,0,12,6,10,364,171,13897,3,2,37,6,31,0,2014,2025
1234443,Luke Vickery,71085,Macarthur FC,Right Winger,20,Indonesia,8,3,2,5,74,50,2201,8,4,46,18,2,4,2023,2025
257682,Connor Pain,71085,Macarthur FC,Left Winger,32,Australia,0,15,5,13,431,356,26054,29,54,176,67,38,11,2009,2025
883217,Bernardo Oliveira,71085,Macarthur FC,Right Winger,22,Australia,11,6,2,7,187,80,3208,15,8,78,37,6,7,2020,2025
1329718,Henrique Oliveira,71085,Macarthur FC,Right Winger,17,Australia,35,2,1,7,82,15,688,3,2,8,2,0,11,2024,2025
877280,Alby Kelly-Heald,8445,Wellington Phoenix,Goalkeeper,21,New Zealand,30,6,3,10,197,76,6710,0,0,0,0,2,5,2020,2025
1079362,Eamonn McCarron,8445,Wellington Phoenix,Goalkeeper,18,New Zealand,40,5,2,8,86,34,3004,0,1,0,0,1,1,2021,2025
877290,Lukas Kelly-Heald,8445,Wellington Phoenix,Left-Back,21,New Zealand,18,6,3,13,205,128,8199,1,7,19,5,7,22,2020,2025
953953,Isaac Hughes,8445,Wellington Phoenix,Centre-Back,22,New Zealand,15,6,2,10,177,120,9678,5,3,21,8,19,11,2020,2025
1183555,Jayden Smith,8445,Wellington Phoenix,Centre-Back,19,New Zealand,39,4,2,6,102,43,3053,2,0,1,0,5,3,2022,2025
1092674,Anaru Cassidy,8445,Wellington Phoenix,Defensive Midfield,20,New Zealand,37,4,2,6,105,61,4203,6,1,2,1,11,5,2022,2025
857968,Fin Roa Conchie,8445,Wellington Phoenix,Defensive Midfield,22,New Zealand,5,6,3,12,192,113,6656,1,7,9,2,14,16,2020,2025
263685,Kazuki Nagasawa,8445,Wellington Phoenix,Central Midfield,34,Japan,25,14,8,15,590,368,23643,20,31,145,46,38,1,2012,2025
888602,Corban Piper,8445,Wellington Phoenix,Centre-Forward,23,New Zealand,3,6,4,9,190,140,9625,17,6,53,25,20,0,2020,2025
1176143,Joshua Lakkis,71085,Macarthur FC,Goalkeeper,19,Australia,0,2,2,3,34,0,0,0,0,0,0,0,0,2022,2025
409114,Tomislav Uskok,71085,Macarthur FC,Centre-Back,34,Australia,0,10,4,5,228,182,15516,17,1,106,35,46,0,2015,2025
68499,Matthew Jurman,71085,Macarthur FC,Centre-Back,35,Australia,5,18,9,24,623,361,28046,7,3,74,12,67,11,2008,2025
114365,Luke Brattan,71085,Macarthur FC,Defensive Midfield,35,Australia,26,17,7,13,547,369,29464,18,35,215,48,85,1,2009,2025
659622,Kristian Popovic,6954,Central Coast Mariners,Defensive Midfield,24,Australia,0,8,6,10,171,49,1884,3,0,12,5,3,1,2018,2025
177775,Mitchell Duke,71085,Macarthur FC,Centre-Forward,34,Australia,15,16,7,24,706,487,28778,94,38,493,169,43,53,2010,2025
186647,Sime Grzan,71085,Macarthur FC,Right Winger,31,Croatia,7,16,9,14,599,373,24278,33,28,121,36,38,5,2010,2025
248483,Chris Ikonomidis,71085,Macarthur FC,Right Winger,30,Australia,9,14,9,30,566,282,16206,58,22,230,82,28,18,2012,2025
164265,Dong-won Ji,71085,Macarthur FC,Centre-Forward,34,"Korea, South",33,17,12,28,813,401,22494,62,38,118,34,38,67,2009,2025
1277093,Joseph Chalabi,8445,Wellington Phoenix,Goalkeeper,16,New Zealand,0,3,3,8,80,4,360,0,0,0,0,0,3,2023,2025
480874,Dan Edwards,8445,Wellington Phoenix,Left-Back,26,New Zealand,12,8,6,8,184,96,7794,5,7,10,5,6,0,2016,2025
257685,Paulo Retre,8445,Wellington Phoenix,Defensive Midfield,32,Australia,8,14,5,10,430,289,16878,8,9,94,16,54,0,2012,2025
623962,Carlo Armiento,8445,Wellington Phoenix,Left Winger,26,Australia,11,9,5,5,201,100,4839,13,15,151,60,12,0,2017,2025
1240369,Oscar Page,7831,Brisbane Roar,Goalkeeper,20,Australia,23,2,2,1,28,0,0,0,0,0,0,0,0,2024,2025
50104,Dean Bouzanis,7831,Brisbane Roar,Goalkeeper,35,Australia,1,20,17,26,691,317,27798,0,2,2,0,20,3,2006,2025
1336427,George Plusnin,7831,Brisbane Roar,Goalkeeper,18,Australia,40,1,0,1,4,3,270,0,0,0,0,0,3,2025,2025
589458,Tate Russell,7831,Brisbane Roar,Right-Back,26,Australia,13,9,3,7,234,136,9820,8,6,72,22,9,4,2017,2025
1099425,Jordan Lauton,7831,Brisbane Roar,Central Midfield,23,Australia,44,5,2,3,83,39,939,2,2,4,1,4,0,2021,2025
1107973,Sabit Ngor,7831,Brisbane Roar,Right Winger,25,Australia,19,6,4,9,136,108,6241,22,10,64,26,13,0,2020,2025
1145209,Nathan Amanatidis,7831,Brisbane Roar,Right Winger,20,Australia,22,4,3,7,112,42,1355,5,2,28,13,2,7,2022,2025
595096,Marko Ilic,7831,Brisbane Roar,Left Winger,27,Germany,11,8,3,7,248,195,11415,36,29,0,0,19,0,2018,2025
1484878,Emmett Shaw,7831,Brisbane Roar,Right Winger,17,Australia,41,1,1,3,21,10,327,0,0,1,0,0,3,2025,2025
1183452,Austin Ludwik,7831,Brisbane Roar,Centre-Back,28,Australia,6,4,2,2,43,19,1367,1,0,12,2,3,0,2020,2025
1475753,Jackson O'Reilly,7831,Brisbane Roar,Centre-Back,17,New Zealand,0,2,1,2,5,2,40,0,0,1,0,0,2,2024,2025
481692,Georgios Vrakas,7831,Brisbane Roar,Attacking Midfield,24,Greece,10,10,9,18,367,194,9746,18,11,80,28,24,20,2016,2025
399165,Nick D'Agostino,7831,Brisbane Roar,Centre-Forward,27,Australia,25,11,5,17,391,189,8788,45,17,251,93,23,14,2015,2025
68327,Jay O'Shea,7831,Brisbane Roar,Central Midfield,36,Ireland,26,21,12,17,870,668,49999,124,90,459,140,63,7,2005,2025
322958,Youstin Salas,7831,Brisbane Roar,Defensive Midfield,29,Costa Rica,2,13,8,23,669,312,21990,12,20,20,4,96,7,2013,2025
1158287,Jacob Brazete,7831,Brisbane Roar,Left Winger,19,Australia,7,5,3,3,136,58,2521,2,3,40,17,1,0,2021,2025
183298,Chris Long,7831,Brisbane Roar,Centre-Forward,30,England,9,16,12,24,645,373,21344,88,23,332,123,40,7,2010,2025
795253,Lucas Mauragis,6954,Central Coast Mariners,Left-Back,24,Australia,5,7,4,9,204,139,10672,7,15,96,28,17,12,2019,2025
175699,Storm Roux,6954,Central Coast Mariners,Right-Back,33,New Zealand,15,14,3,16,517,369,27663,11,25,80,22,38,28,2012,2025
145840,Trent Sainsbury,6954,Central Coast Mariners,Centre-Back,34,Australia,4,16,10,39,682,391,31780,22,11,78,26,78,64,2010,2025
1238274,Michael Paragalli,6954,Central Coast Mariners,Centre-Back,19,Australia,0,3,2,4,86,52,4239,3,1,0,0,7,0,2023,2025
1271537,Haine Eames,6954,Central Coast Mariners,Attacking Midfield,18,Australia,6,3,2,8,101,64,3364,2,3,31,7,2,15,2023,2025
959614,Harrison Steele,6954,Central Coast Mariners,Defensive Midfield,23,Australia,16,6,1,5,163,129,6504,5,1,26,8,15,0,2020,2025
961642,Chris Donnell,6954,Central Coast Mariners,Central Midfield,22,Australia,48,5,5,16,138,101,7000,10,11,55,19,6,8,2021,2025
539836,Seth Clark,6954,Central Coast Mariners,Central Midfield,24,New Zealand,21,7,4,7,102,75,5280,8,4,0,0,5,5,2017,2025
1373016,Laurence Taylor,6954,Central Coast Mariners,Central Midfield,18,Australia,42,2,2,2,31,27,1498,2,1,0,0,6,0,2024,2025
703638,Ali Auglah,6954,Central Coast Mariners,Right Winger,24,Iraq,72,8,7,9,166,94,5447,33,7,78,37,16,3,2018,2025
559806,Ryan Edmondson,6954,Central Coast Mariners,Centre-Forward,24,England,0,9,11,25,367,208,10033,34,9,204,93,16,3,2017,2025
1413345,Oliver O'Carroll,6954,Central Coast Mariners,Central Midfield,17,Australia,0,2,1,4,24,15,971,2,6,5,3,1,10,2024,2025
1413330,Luke Becvinovski,6954,Central Coast Mariners,Centre-Forward,17,Australia,0,2,2,6,41,25,1187,5,0,5,2,1,16,2024,2025
