player_id,player_name,game_date_utc,season,competition_id,competition_type_id,is_national_team,game_id,game_day,club_id,venue,opponent_club_id,club_goals,opponent_goals,participation_state,shirt_number,position_id,is_captain,played_minutes,goals,assists,shots_total,shots_on_goal,shots_off_goal,shots_blocked,yellow_card_minute,substituted_in_minute,substituted_out_minute,injury_id,absence_id
1244111,Sayibu Yakubu,2026-07-31T16:00:00+00:00,2026,TS2,2,False,4905330,2,13726,home,13299,1,0,played,32,3,False,90,0,0,0,0,0,0,,,,0,0
1244111,Sayibu Yakubu,2026-07-27T16:00:00+00:00,2026,TS2,2,False,4901923,1,13726,away,479,0,2,played,32,3,False,90,0,0,0,0,0,0,,,,0,0
1364210,Miguel Yinkfu Chuye,2026-08-01T11:00:00+00:00,2026,DFBJ,15,False,4920753,1,5343,away,9298,6,0,not in squad,,,False,0,0,0,0,0,0,0,,,,0,0
462698,Brooklyn Lyons-Foster,2026-07-30T17:30:00+00:00,2026,ECLQ,10,False,4897995,4,920,home,144,0,1,played,24,5,False,62,0,0,0,0,0,0,46,,62,0,0
462698,Brooklyn Lyons-Foster,2026-07-23T18:45:00+00:00,2026,ECLQ,10,False,4897958,3,920,away,144,0,1,played,24,10,False,75,0,0,0,0,0,0,,,75,0,0
1120423,Tatu Hukkanen,2026-07-28T15:00:00+00:00,2026,CLQ,10,False,4897911,4,6251,home,63993,0,2,not in squad,,,False,0,0,0,0,0,0,0,,,,0,0
1120423,Tatu Hukkanen,2026-07-21T16:00:00+00:00,2026,CLQ,10,False,4897899,3,6251,away,63993,0,1,not in squad,,,False,0,0,0,0,0,0,0,,,,0,0
1120423,Tatu Hukkanen,2026-07-14T15:00:00+00:00,2026,CLQ,10,False,4897205,2,6251,home,77,2,3,not in squad,,,False,0,0,0,0,0,0,0,,,,0,0
1120423,Tatu Hukkanen,2026-07-07T17:00:00+00:00,2026,CLQ,10,False,4897191,1,6251,away,77,2,0,not in squad,,,False,0,0,0,0,0,0,0,,,,0,0
530740,Yeboah Amankwah,2026-07-30T16:00:00+00:00,2026,ECLQ,10,False,4897996,4,8042,home,6890,2,0,played,30,3,False,9,0,0,0,0,0,0,,81,,0,0
530740,Yeboah Amankwah,2026-07-22T17:45:00+00:00,2026,ECLQ,10,False,4897959,3,8042,away,6890,1,1,in squad,30,,False,0,0,0,0,0,0,0,,,,0,0
468035,Theodoros Tsirigotis,2026-08-01T18:15:00+00:00,2026,PL1,1,False,4895606,2,428,away,6110,0,0,not in squad,,,False,0,0,0,0,0,0,0,,,,0,0
223783,Johannes Kreidl,2026-07-28T15:00:00+00:00,2026,CLQ,10,False,4897911,4,6251,home,63993,0,2,played,1,1,False,90,0,0,0,0,0,0,,,,0,0
223783,Johannes Kreidl,2026-07-21T16:00:00+00:00,2026,CLQ,10,False,4897899,3,6251,away,63993,0,1,played,1,1,False,90,0,0,0,0,0,0,,,,0,0
223783,Johannes Kreidl,2026-07-14T15:00:00+00:00,2026,CLQ,10,False,4897205,2,6251,home,77,2,3,played,1,1,False,120,0,0,0,0,0,0,,,,0,0
223783,Johannes Kreidl,2026-07-07T17:00:00+00:00,2026,CLQ,10,False,4897191,1,6251,away,77,2,0,played,1,1,False,90,0,0,0,0,0,0,,,,0,0
586591,Hemmo Riihimäki,2026-07-28T15:00:00+00:00,2026,CLQ,10,False,4897911,4,6251,home,63993,0,2,in squad,12,,False,0,0,0,0,0,0,0,,,,0,0
586591,Hemmo Riihimäki,2026-07-21T16:00:00+00:00,2026,CLQ,10,False,4897899,3,6251,away,63993,0,1,in squad,12,,False,0,0,0,0,0,0,0,,,,0,0
586591,Hemmo Riihimäki,2026-07-14T15:00:00+00:00,2026,CLQ,10,False,4897205,2,6251,home,77,2,3,in squad,12,,False,0,0,0,0,0,0,0,,,,0,0
586591,Hemmo Riihimäki,2026-07-07T17:00:00+00:00,2026,CLQ,10,False,4897191,1,6251,away,77,2,0,in squad,12,,False,0,0,0,0,0,0,0,,,,0,0
263801,Kasim Adams,2026-07-28T15:00:00+00:00,2026,CLQ,10,False,4897911,4,6251,home,63993,0,2,played,4,3,False,90,0,0,0,0,0,0,,,,0,0
263801,Kasim Adams,2026-07-21T16:00:00+00:00,2026,CLQ,10,False,4897899,3,6251,away,63993,0,1,played,4,3,False,90,0,0,0,0,0,0,,,,0,0
263801,Kasim Adams,2026-07-14T15:00:00+00:00,2026,CLQ,10,False,4897205,2,6251,home,77,2,3,played,4,3,False,120,0,0,0,0,0,0,,,,0,0
263801,Kasim Adams,2026-07-07T17:00:00+00:00,2026,CLQ,10,False,4897191,1,6251,away,77,2,0,played,4,3,False,90,0,0,0,0,0,0,,,,0,0
587302,Clinton Antwi,2026-07-28T15:00:00+00:00,2026,CLQ,10,False,4897911,4,6251,home,63993,0,2,played,25,4,False,74,0,0,0,0,0,0,,,74,0,0
587302,Clinton Antwi,2026-07-21T16:00:00+00:00,2026,CLQ,10,False,4897899,3,6251,away,63993,0,1,played,25,4,False,68,0,0,0,0,0,0,,,68,0,0
587302,Clinton Antwi,2026-07-14T15:00:00+00:00,2026,CLQ,10,False,4897205,2,6251,home,77,2,3,played,25,4,False,120,0,1,0,0,0,0,,,,0,0
587302,Clinton Antwi,2026-07-07T17:00:00+00:00,2026,CLQ,10,False,4897191,1,6251,away,77,2,0,played,25,4,False,90,0,1,0,0,0,0,,,,0,0
1271200,Kasperi Silen,2026-07-28T15:00:00+00:00,2026,CLQ,10,False,4897911,4,6251,home,63993,0,2,in squad,37,,False,0,0,0,0,0,0,0,,,,0,0
1271200,Kasperi Silen,2026-07-21T16:00:00+00:00,2026,CLQ,10,False,4897899,3,6251,away,63993,0,1,in squad,37,,False,0,0,0,0,0,0,0,,,,0,0
1271200,Kasperi Silen,2026-07-14T15:00:00+00:00,2026,CLQ,10,False,4897205,2,6251,home,77,2,3,in squad,37,,False,0,0,0,0,0,0,0,,,,0,0
1271200,Kasperi Silen,2026-07-07T17:00:00+00:00,2026,CLQ,10,False,4897191,1,6251,away,77,2,0,in squad,37,,False,0,0,0,0,0,0,0,,,,0,0
459716,Saku Heiskanen,2026-07-28T15:00:00+00:00,2026,CLQ,10,False,4897911,4,6251,home,63993,0,2,played,3,0,False,16,0,0,0,0,0,0,,74,,0,0
459716,Saku Heiskanen,2026-07-21T16:00:00+00:00,2026,CLQ,10,False,4897899,3,6251,away,63993,0,1,in squad,3,,False,0,0,0,0,0,0,0,,,,0,0
459716,Saku Heiskanen,2026-07-14T15:00:00+00:00,2026,CLQ,10,False,4897205,2,6251,home,77,2,3,in squad,3,,False,0,0,0,0,0,0,0,,,,0,0
459716,Saku Heiskanen,2026-07-07T17:00:00+00:00,2026,CLQ,10,False,4897191,1,6251,away,77,2,0,played,3,0,False,4,0,0,0,0,0,0,,86,,0,0
567485,Taneli Hämäläinen,2026-07-28T15:00:00+00:00,2026,CLQ,10,False,4897911,4,6251,home,63993,0,2,in squad,33,,False,0,0,0,0,0,0,0,,,,0,0
567485,Taneli Hämäläinen,2026-07-21T16:00:00+00:00,2026,CLQ,10,False,4897899,3,6251,away,63993,0,1,played,33,0,False,22,0,0,0,0,0,0,,68,,0,0
567485,Taneli Hämäläinen,2026-07-14T15:00:00+00:00,2026,CLQ,10,False,4897205,2,6251,home,77,2,3,in squad,33,,False,0,0,0,0,0,0,0,,,,0,0
567485,Taneli Hämäläinen,2026-07-07T17:00:00+00:00,2026,CLQ,10,False,4897191,1,6251,away,77,2,0,in squad,33,,False,0,0,0,0,0,0,0,,,,0,0
274746,Saku Savolainen,2026-07-28T15:00:00+00:00,2026,CLQ,10,False,4897911,4,6251,home,63993,0,2,played,6,0,False,9,0,0,0,0,0,0,,81,,0,0
274746,Saku Savolainen,2026-07-21T16:00:00+00:00,2026,CLQ,10,False,4897899,3,6251,away,63993,0,1,in squad,6,,False,0,0,0,0,0,0,0,,,,0,0
274746,Saku Savolainen,2026-07-14T15:00:00+00:00,2026,CLQ,10,False,4897205,2,6251,home,77,2,3,played,6,0,False,74,0,0,0,0,0,0,90,46,,0,0
274746,Saku Savolainen,2026-07-07T17:00:00+00:00,2026,CLQ,10,False,4897191,1,6251,away,77,2,0,played,6,0,False,22,0,0,0,0,0,0,,68,,0,0
1150689,Rasmus Tikkanen,2026-07-28T15:00:00+00:00,2026,CLQ,10,False,4897911,4,6251,home,63993,0,2,not in squad,,,False,0,0,0,0,0,0,0,,,,0,0
1150689,Rasmus Tikkanen,2026-07-21T16:00:00+00:00,2026,CLQ,10,False,4897899,3,6251,away,63993,0,1,not in squad,,,False,0,0,0,0,0,0,0,,,,0,0
1150689,Rasmus Tikkanen,2026-07-14T15:00:00+00:00,2026,CLQ,10,False,4897205,2,6251,home,77,2,3,not in squad,,,False,0,0,0,0,0,0,0,,,,0,0
1150689,Rasmus Tikkanen,2026-07-07T17:00:00+00:00,2026,CLQ,10,False,4897191,1,6251,away,77,2,0,not in squad,,,False,0,0,0,0,0,0,0,,,,0,0
1211943,Karl Ward,2026-07-14T15:00:00+00:00,2026,CLQ,10,False,4897205,2,6251,home,77,2,3,not in squad,,,False,0,0,0,0,0,0,0,,,,0,0
1211943,Karl Ward,2026-07-07T17:00:00+00:00,2026,CLQ,10,False,4897191,1,6251,away,77,2,0,in squad,2,,False,0,0,0,0,0,0,0,,,,0,0
937939,Akseli Puukko,2026-07-28T15:00:00+00:00,2026,CLQ,10,False,4897911,4,6251,home,63993,0,2,played,29,5,False,81,0,0,0,0,0,0,,,81,0,0
937939,Akseli Puukko,2026-07-21T16:00:00+00:00,2026,CLQ,10,False,4897899,3,6251,away,63993,0,1,played,29,5,False,90,0,0,0,0,0,0,,,,0,0
937939,Akseli Puukko,2026-07-14T15:00:00+00:00,2026,CLQ,10,False,4897205,2,6251,home,77,2,3,played,29,5,False,46,0,0,0,0,0,0,24,,46,0,0
937939,Akseli Puukko,2026-07-07T17:00:00+00:00,2026,CLQ,10,False,4897191,1,6251,away,77,2,0,played,29,5,False,68,0,0,0,0,0,0,,,68,0,0
464308,Tommi Jyry,2026-07-28T15:00:00+00:00,2026,CLQ,10,False,4897911,4,6251,home,63993,0,2,played,16,12,False,74,0,0,0,0,0,0,,,74,0,0
464308,Tommi Jyry,2026-07-21T16:00:00+00:00,2026,CLQ,10,False,4897899,3,6251,away,63993,0,1,played,16,12,False,90,0,0,0,0,0,0,47,,,0,0
464308,Tommi Jyry,2026-07-14T15:00:00+00:00,2026,CLQ,10,False,4897205,2,6251,home,77,2,3,played,16,12,False,105,0,0,0,0,0,0,,,105,0,0
464308,Tommi Jyry,2026-07-07T17:00:00+00:00,2026,CLQ,10,False,4897191,1,6251,away,77,2,0,played,16,12,False,86,0,0,0,0,0,0,,,86,0,0
491703,Valentín Gasc,2026-07-28T15:00:00+00:00,2026,CLQ,10,False,4897911,4,6251,home,63993,0,2,played,10,7,False,58,0,0,0,0,0,0,,,58,0,0
491703,Valentín Gasc,2026-07-21T16:00:00+00:00,2026,CLQ,10,False,4897899,3,6251,away,63993,0,1,played,10,7,False,82,0,0,0,0,0,0,,,82,0,0
491703,Valentín Gasc,2026-07-14T15:00:00+00:00,2026,CLQ,10,False,4897205,2,6251,home,77,2,3,played,10,7,False,120,0,0,0,0,0,0,44,,,0,0
491703,Valentín Gasc,2026-07-07T17:00:00+00:00,2026,CLQ,10,False,4897191,1,6251,away,77,2,0,played,10,7,False,90,0,0,0,0,0,0,,,,0,0
716895,Niilo Kujasalo,2026-07-28T15:00:00+00:00,2026,CLQ,10,False,4897911,4,6251,home,63993,0,2,played,13,0,False,16,0,0,0,0,0,0,,74,,0,0
716895,Niilo Kujasalo,2026-07-21T16:00:00+00:00,2026,CLQ,10,False,4897899,3,6251,away,63993,0,1,played,13,0,False,8,0,0,0,0,0,0,,82,,0,0
716895,Niilo Kujasalo,2026-07-14T15:00:00+00:00,2026,CLQ,10,False,4897205,2,6251,home,77,2,3,played,13,0,False,9,0,0,0,0,0,0,,111,,0,0
716895,Niilo Kujasalo,2026-07-07T17:00:00+00:00,2026,CLQ,10,False,4897191,1,6251,away,77,2,0,in squad,13,,False,0,0,0,0,0,0,0,,,,0,0
190456,Jerry Voutilainen,2026-07-28T15:00:00+00:00,2026,CLQ,10,False,4897911,4,6251,home,63993,0,2,not in squad,,,False,0,0,0,0,0,0,0,,,,0,0
190456,Jerry Voutilainen,2026-07-21T16:00:00+00:00,2026,CLQ,10,False,4897899,3,6251,away,63993,0,1,not in squad,,,False,0,0,0,0,0,0,0,,,,0,0
190456,Jerry Voutilainen,2026-07-14T15:00:00+00:00,2026,CLQ,10,False,4897205,2,6251,home,77,2,3,in squad,7,,False,0,0,0,0,0,0,0,,,,0,0
190456,Jerry Voutilainen,2026-07-07T17:00:00+00:00,2026,CLQ,10,False,4897191,1,6251,away,77,2,0,not in squad,,,False,0,0,0,0,0,0,0,,,,0,0
47703,Petteri Pennanen,2026-07-28T15:00:00+00:00,2026,CLQ,10,False,4897911,4,6251,home,63993,0,2,played,8,10,True,90,0,0,0,0,0,0,62,,,0,0
47703,Petteri Pennanen,2026-07-21T16:00:00+00:00,2026,CLQ,10,False,4897899,3,6251,away,63993,0,1,played,8,7,True,90,0,0,0,0,0,0,,,,0,0
47703,Petteri Pennanen,2026-07-14T15:00:00+00:00,2026,CLQ,10,False,4897205,2,6251,home,77,2,3,played,8,7,True,111,0,0,0,0,0,0,,,111,0,0
47703,Petteri Pennanen,2026-07-07T17:00:00+00:00,2026,CLQ,10,False,4897191,1,6251,away,77,2,0,played,8,7,True,90,0,0,0,0,0,0,,,,0,0
511780,Arttu Heinonen,2026-07-28T15:00:00+00:00,2026,CLQ,10,False,4897911,4,6251,home,63993,0,2,in squad,17,,False,0,0,0,0,0,0,0,,,,0,0
511780,Arttu Heinonen,2026-07-21T16:00:00+00:00,2026,CLQ,10,False,4897899,3,6251,away,63993,0,1,in squad,17,,False,0,0,0,0,0,0,0,,,,0,0
511780,Arttu Heinonen,2026-07-14T15:00:00+00:00,2026,CLQ,10,False,4897205,2,6251,home,77,2,3,in squad,17,,False,0,0,0,0,0,0,0,,,,0,0
511780,Arttu Heinonen,2026-07-07T17:00:00+00:00,2026,CLQ,10,False,4897191,1,6251,away,77,2,0,in squad,17,,False,0,0,0,0,0,0,0,,,,0,0
937985,Samuel Pasanen,2026-07-28T15:00:00+00:00,2026,CLQ,10,False,4897911,4,6251,home,63993,0,2,not in squad,,,False,0,0,0,0,0,0,0,,,,0,0
937985,Samuel Pasanen,2026-07-21T16:00:00+00:00,2026,CLQ,10,False,4897899,3,6251,away,63993,0,1,not in squad,,,False,0,0,0,0,0,0,0,,,,0,0
937985,Samuel Pasanen,2026-07-14T15:00:00+00:00,2026,CLQ,10,False,4897205,2,6251,home,77,2,3,not in squad,,,False,0,0,0,0,0,0,0,,,,0,0
937985,Samuel Pasanen,2026-07-07T17:00:00+00:00,2026,CLQ,10,False,4897191,1,6251,away,77,2,0,not in squad,,,False,0,0,0,0,0,0,0,,,,0,0
694402,Saikou Touray,2026-07-28T15:00:00+00:00,2026,CLQ,10,False,4897911,4,6251,home,63993,0,2,played,22,7,False,90,0,0,0,0,0,0,72,,,0,0
694402,Saikou Touray,2026-07-21T16:00:00+00:00,2026,CLQ,10,False,4897899,3,6251,away,63993,0,1,played,22,0,False,45,0,0,0,0,0,0,,46,,0,0
694402,Saikou Touray,2026-07-14T15:00:00+00:00,2026,CLQ,10,False,4897205,2,6251,home,77,2,3,played,22,0,False,62,0,0,0,0,0,0,,58,,0,0
694402,Saikou Touray,2026-07-07T17:00:00+00:00,2026,CLQ,10,False,4897191,1,6251,away,77,2,0,played,22,0,False,22,0,0,0,0,0,0,,68,,0,0
741585,Aaro Toivonen,2026-07-28T15:00:00+00:00,2026,CLQ,10,False,4897911,4,6251,home,63993,0,2,not in squad,,,False,0,0,0,0,0,0,0,,,,0,0
741585,Aaro Toivonen,2026-07-21T16:00:00+00:00,2026,CLQ,10,False,4897899,3,6251,away,63993,0,1,not in squad,,,False,0,0,0,0,0,0,0,,,,0,0
741585,Aaro Toivonen,2026-07-14T15:00:00+00:00,2026,CLQ,10,False,4897205,2,6251,home,77,2,3,in squad,26,,False,0,0,0,0,0,0,0,,,,0,0
741585,Aaro Toivonen,2026-07-07T17:00:00+00:00,2026,CLQ,10,False,4897191,1,6251,away,77,2,0,not in squad,,,False,0,0,0,0,0,0,0,,,,0,0
1046213,Eemil Tanninen,2026-07-28T15:00:00+00:00,2026,CLQ,10,False,4897911,4,6251,home,63993,0,2,not in squad,,,False,0,0,0,0,0,0,0,,,,0,0
1046213,Eemil Tanninen,2026-07-21T16:00:00+00:00,2026,CLQ,10,False,4897899,3,6251,away,63993,0,1,not in squad,,,False,0,0,0,0,0,0,0,,,,0,0
1046213,Eemil Tanninen,2026-07-14T15:00:00+00:00,2026,CLQ,10,False,4897205,2,6251,home,77,2,3,not in squad,,,False,0,0,0,0,0,0,0,,,,0,0
1046213,Eemil Tanninen,2026-07-07T17:00:00+00:00,2026,CLQ,10,False,4897191,1,6251,away,77,2,0,not in squad,,,False,0,0,0,0,0,0,0,,,,0,0
155202,Piotr Parzyszek,2026-07-28T15:00:00+00:00,2026,CLQ,10,False,4897911,4,6251,home,63993,0,2,played,20,0,False,32,0,0,0,0,0,0,,58,,0,0
155202,Piotr Parzyszek,2026-07-21T16:00:00+00:00,2026,CLQ,10,False,4897899,3,6251,away,63993,0,1,played,20,14,False,61,0,0,0,0,0,0,,,61,0,0
155202,Piotr Parzyszek,2026-07-14T15:00:00+00:00,2026,CLQ,10,False,4897205,2,6251,home,77,2,3,played,20,0,False,62,1,0,0,0,0,0,90,58,,0,0
155202,Piotr Parzyszek,2026-07-07T17:00:00+00:00,2026,CLQ,10,False,4897191,1,6251,away,77,2,0,played,20,0,False,28,0,0,0,0,0,0,,62,,0,0
950405,Calvin Kabuye,2026-07-28T15:00:00+00:00,2026,CLQ,10,False,4897911,4,6251,home,63993,0,2,in squad,19,,False,0,0,0,0,0,0,0,,,,0,0
950405,Calvin Kabuye,2026-07-21T16:00:00+00:00,2026,CLQ,10,False,4897899,3,6251,away,63993,0,1,not in squad,,,False,0,0,0,0,0,0,0,,,,0,0
950405,Calvin Kabuye,2026-07-14T15:00:00+00:00,2026,CLQ,10,False,4897205,2,6251,home,77,2,3,not in squad,,,False,0,0,0,0,0,0,0,,,,0,0
950405,Calvin Kabuye,2026-07-07T17:00:00+00:00,2026,CLQ,10,False,4897191,1,6251,away,77,2,0,played,19,0,False,4,0,0,0,0,0,0,,86,,0,0
309923,Jaime Moreno,2026-07-28T15:00:00+00:00,2026,CLQ,10,False,4897911,4,6251,home,63993,0,2,played,11,14,False,90,0,0,0,0,0,0,,,,0,0
309923,Jaime Moreno,2026-07-21T16:00:00+00:00,2026,CLQ,10,False,4897899,3,6251,away,63993,0,1,played,11,0,False,29,0,0,0,0,0,0,77,61,,0,0
309923,Jaime Moreno,2026-07-14T15:00:00+00:00,2026,CLQ,10,False,4897205,2,6251,home,77,2,3,played,11,14,False,58,0,0,0,0,0,0,,,58,0,0
309923,Jaime Moreno,2026-07-07T17:00:00+00:00,2026,CLQ,10,False,4897191,1,6251,away,77,2,0,played,11,14,False,62,0,0,0,0,0,0,,,62,0,0
1147796,Bob Nii Armah,2026-07-28T15:00:00+00:00,2026,CLQ,10,False,4897911,4,6251,home,63993,0,2,played,24,11,False,58,0,0,0,0,0,0,,,58,0,0
1147796,Bob Nii Armah,2026-07-21T16:00:00+00:00,2026,CLQ,10,False,4897899,3,6251,away,63993,0,1,played,24,11,False,61,0,0,0,0,0,0,,,61,0,0
1147796,Bob Nii Armah,2026-07-14T15:00:00+00:00,2026,CLQ,10,False,4897205,2,6251,home,77,2,3,played,24,11,False,111,1,0,0,0,0,0,,,111,0,0
1147796,Bob Nii Armah,2026-07-07T17:00:00+00:00,2026,CLQ,10,False,4897191,1,6251,away,77,2,0,played,24,11,False,86,1,0,0,0,0,0,,,86,0,0
248024,Gustav Engvall,2026-07-28T15:00:00+00:00,2026,CLQ,10,False,4897911,4,6251,home,63993,0,2,not in squad,,,False,0,0,0,0,0,0,0,,,,0,0
248024,Gustav Engvall,2026-07-21T16:00:00+00:00,2026,CLQ,10,False,4897899,3,6251,away,63993,0,1,played,9,10,False,45,0,0,0,0,0,0,,,46,0,0
248024,Gustav Engvall,2026-07-14T15:00:00+00:00,2026,CLQ,10,False,4897205,2,6251,home,77,2,3,played,9,10,False,58,0,0,0,0,0,0,,,58,0,0
248024,Gustav Engvall,2026-07-07T17:00:00+00:00,2026,CLQ,10,False,4897191,1,6251,away,77,2,0,played,9,10,False,68,0,0,0,0,0,0,68,,68,0,0
1067923,Mitja Haapanen,2026-07-30T18:45:00+00:00,2026,ECLQ,10,False,4897998,4,1008,away,3831,3,0,not in squad,,,False,0,0,0,0,0,0,0,,,,0,0
1067923,Mitja Haapanen,2026-07-23T16:00:00+00:00,2026,ECLQ,10,False,4897961,3,1008,home,3831,5,0,in squad,12,,False,0,0,0,0,0,0,0,,,,0,0
740837,Joslyn Luyeye-Lutumba,2026-07-28T15:00:00+00:00,2026,CLQ,10,False,4897911,4,6251,home,63993,0,2,played,21,0,False,32,0,0,0,0,0,0,,58,,0,0
740837,Joslyn Luyeye-Lutumba,2026-07-21T16:00:00+00:00,2026,CLQ,10,False,4897899,3,6251,away,63993,0,1,played,21,0,False,29,0,0,0,0,0,0,,61,,0,0
740837,Joslyn Luyeye-Lutumba,2026-07-14T15:00:00+00:00,2026,CLQ,10,False,4897205,2,6251,home,77,2,3,played,21,0,False,9,0,0,0,0,0,0,,111,,0,0
740837,Joslyn Luyeye-Lutumba,2026-07-07T17:00:00+00:00,2026,CLQ,10,False,4897191,1,6251,away,77,2,0,not in squad,,,False,0,0,0,0,0,0,0,,,,0,0
1108049,Amara Nallo,2026-07-30T18:45:00+00:00,2026,ECLQ,10,False,4897998,4,1008,away,3831,3,0,not in squad,,,False,0,0,0,0,0,0,0,,,,0,0
93456,Jesse Öst,2026-07-30T18:45:00+00:00,2026,ECLQ,10,False,4897998,4,1008,away,3831,3,0,played,1,1,False,90,0,0,0,0,0,0,,,,0,0
93456,Jesse Öst,2026-07-23T16:00:00+00:00,2026,ECLQ,10,False,4897961,3,1008,home,3831,5,0,in squad,1,,False,0,0,0,0,0,0,0,,,,0,0
716894,Miska Ylitolva,2026-07-30T18:45:00+00:00,2026,ECLQ,10,False,4897998,4,1008,away,3831,3,0,played,28,5,False,90,0,0,0,0,0,0,,,,0,0
716894,Miska Ylitolva,2026-07-23T16:00:00+00:00,2026,ECLQ,10,False,4897961,3,1008,home,3831,5,0,in squad,28,,False,0,0,0,0,0,0,0,,,,0,0
491391,Leonel Montano,2026-07-30T18:45:00+00:00,2026,ECLQ,10,False,4897998,4,1008,away,3831,3,0,in squad,14,,False,0,0,0,0,0,0,0,,,,0,0
491391,Leonel Montano,2026-07-23T16:00:00+00:00,2026,ECLQ,10,False,4897961,3,1008,home,3831,5,0,played,14,4,False,90,0,0,0,0,0,0,,,,0,0
526869,Mihailo Bogicevic,2026-07-30T18:45:00+00:00,2026,ECLQ,10,False,4897998,4,1008,away,3831,3,0,not in squad,,,False,0,0,0,0,0,0,0,,,,0,0
526869,Mihailo Bogicevic,2026-07-23T16:00:00+00:00,2026,ECLQ,10,False,4897961,3,1008,home,3831,5,0,in squad,31,,False,0,0,0,0,0,0,0,,,,0,0
482004,Ville Tikkanen,2026-07-30T18:45:00+00:00,2026,ECLQ,10,False,4897998,4,1008,away,3831,3,0,played,6,3,False,90,0,0,0,0,0,0,,,,0,0
482004,Ville Tikkanen,2026-07-23T16:00:00+00:00,2026,ECLQ,10,False,4897961,3,1008,home,3831,5,0,played,6,3,False,90,0,1,0,0,0,0,,,,0,0
300340,Matej Markovic,2026-07-30T18:45:00+00:00,2026,ECLQ,10,False,4897998,4,1008,away,3831,3,0,in squad,44,,False,0,0,0,0,0,0,0,,,,0,0
300340,Matej Markovic,2026-07-23T16:00:00+00:00,2026,ECLQ,10,False,4897961,3,1008,home,3831,5,0,played,44,1,False,90,0,0,0,0,0,0,,,,0,0
937930,Emil Leveälahti,2026-07-30T18:45:00+00:00,2026,ECLQ,10,False,4897998,4,1008,away,3831,3,0,played,24,0,False,45,0,0,0,0,0,0,,46,,0,0
937930,Emil Leveälahti,2026-07-23T16:00:00+00:00,2026,ECLQ,10,False,4897961,3,1008,home,3831,5,0,in squad,24,,False,0,0,0,0,0,0,0,,,,0,0
82113,Alexander Ring,2026-07-30T18:45:00+00:00,2026,ECLQ,10,False,4897998,4,1008,away,3831,3,0,played,4,0,False,12,0,0,0,0,0,0,,78,,0,0
82113,Alexander Ring,2026-07-23T16:00:00+00:00,2026,ECLQ,10,False,4897961,3,1008,home,3831,5,0,played,4,7,True,65,0,0,0,0,0,0,23,,65,0,0
1015336,Kaius Simojoki,2026-07-30T18:45:00+00:00,2026,ECLQ,10,False,4897998,4,1008,away,3831,3,0,played,13,4,False,90,0,0,0,0,0,0,,,,0,0
1015336,Kaius Simojoki,2026-07-23T16:00:00+00:00,2026,ECLQ,10,False,4897961,3,1008,home,3831,5,0,played,13,5,False,90,0,0,0,0,0,0,,,,0,0
937990,Pyry Mentu,2026-07-30T18:45:00+00:00,2026,ECLQ,10,False,4897998,4,1008,away,3831,3,0,not in squad,,,False,0,0,0,0,0,0,0,,,,0,0
937990,Pyry Mentu,2026-07-23T16:00:00+00:00,2026,ECLQ,10,False,4897961,3,1008,home,3831,5,0,played,8,10,False,65,1,0,0,0,0,0,,,65,0,0
718431,Liam Möller,2026-07-30T18:45:00+00:00,2026,ECLQ,10,False,4897998,4,1008,away,3831,3,0,played,22,0,False,12,0,0,0,0,0,0,,78,,0,0
718431,Liam Möller,2026-07-23T16:00:00+00:00,2026,ECLQ,10,False,4897961,3,1008,home,3831,5,0,played,22,12,False,65,1,1,0,0,0,0,,,65,0,0
322994,Lucas Lingman,2026-07-30T18:45:00+00:00,2026,ECLQ,10,False,4897998,4,1008,away,3831,3,0,played,10,7,True,45,0,0,0,0,0,0,,,46,0,0
322994,Lucas Lingman,2026-07-23T16:00:00+00:00,2026,ECLQ,10,False,4897961,3,1008,home,3831,5,0,played,10,7,False,90,0,1,0,0,0,0,,,,0,0
1102180,Eemil Toivonen,2026-07-30T18:45:00+00:00,2026,ECLQ,10,False,4897998,4,1008,away,3831,3,0,not in squad,,,False,0,0,0,0,0,0,0,,,,0,0
1102180,Eemil Toivonen,2026-07-23T16:00:00+00:00,2026,ECLQ,10,False,4897961,3,1008,home,3831,5,0,not in squad,,,False,0,0,0,0,0,0,0,,,,0,0
1111050,Mouhamed Guèye,2026-07-30T18:45:00+00:00,2026,ECLQ,10,False,4897998,4,1008,away,3831,3,0,played,32,7,False,78,1,0,0,0,0,0,,,78,0,0
1111050,Mouhamed Guèye,2026-07-23T16:00:00+00:00,2026,ECLQ,10,False,4897961,3,1008,home,3831,5,0,played,32,0,False,25,0,0,0,0,0,0,,65,,0,0
1018043,Martin Kirilov,2026-07-30T18:45:00+00:00,2026,ECLQ,10,False,4897998,4,1008,away,3831,3,0,played,17,10,False,78,0,0,0,0,0,0,,,78,0,0
1018043,Martin Kirilov,2026-07-23T16:00:00+00:00,2026,ECLQ,10,False,4897961,3,1008,home,3831,5,0,played,17,0,False,17,0,1,0,0,0,0,,73,,0,0
713140,Jere Kallinen,2026-07-30T18:45:00+00:00,2026,ECLQ,10,False,4897998,4,1008,away,3831,3,0,played,15,0,False,45,0,0,0,0,0,0,,46,,0,0
713140,Jere Kallinen,2026-07-23T16:00:00+00:00,2026,ECLQ,10,False,4897961,3,1008,home,3831,5,0,in squad,15,,False,0,0,0,0,0,0,0,,,,0,0
395228,Till Cissokho,2026-07-30T18:45:00+00:00,2026,ECLQ,10,False,4897998,4,1008,away,3831,3,0,played,3,3,False,45,0,0,0,0,0,0,,,46,0,0
395228,Till Cissokho,2026-07-23T16:00:00+00:00,2026,ECLQ,10,False,4897961,3,1008,home,3831,5,0,played,3,3,False,90,0,0,0,0,0,0,,,,0,0
515024,Mads Borchers,2026-07-30T18:45:00+00:00,2026,ECLQ,10,False,4897998,4,1008,away,3831,3,0,not in squad,,,False,0,0,0,0,0,0,0,,,,0,0
515024,Mads Borchers,2026-07-23T16:00:00+00:00,2026,ECLQ,10,False,4897961,3,1008,home,3831,5,0,played,9,0,False,8,0,0,0,0,0,0,,82,,0,0
484818,Santeri Haarala,2026-07-30T18:45:00+00:00,2026,ECLQ,10,False,4897998,4,1008,away,3831,3,0,played,29,0,False,12,0,0,0,0,0,0,,78,,0,0
484818,Santeri Haarala,2026-07-23T16:00:00+00:00,2026,ECLQ,10,False,4897961,3,1008,home,3831,5,0,played,29,14,False,73,0,0,0,0,0,0,,,73,0,0
46972,Teemu Pukki,2026-07-30T18:45:00+00:00,2026,ECLQ,10,False,4897998,4,1008,away,3831,3,0,played,20,14,False,90,0,2,0,0,0,0,,,,0,0
46972,Teemu Pukki,2026-07-23T16:00:00+00:00,2026,ECLQ,10,False,4897961,3,1008,home,3831,5,0,played,20,0,False,25,2,0,0,0,0,0,,65,,0,0
937987,David Ezeh,2026-07-30T18:45:00+00:00,2026,ECLQ,10,False,4897998,4,1008,away,3831,3,0,not in squad,,,False,0,0,0,0,0,0,0,,,,0,0
937987,David Ezeh,2026-07-23T16:00:00+00:00,2026,ECLQ,10,False,4897961,3,1008,home,3831,5,0,not in squad,,,False,0,0,0,0,0,0,0,,,,0,0
322993,Lassi Lappalainen,2026-07-30T18:45:00+00:00,2026,ECLQ,10,False,4897998,4,1008,away,3831,3,0,not in squad,,,False,0,0,0,0,0,0,0,,,,0,0
322993,Lassi Lappalainen,2026-07-23T16:00:00+00:00,2026,ECLQ,10,False,4897961,3,1008,home,3831,5,0,played,26,0,False,25,0,1,0,0,0,0,,65,,0,0
741588,Roni Hudd,2026-07-30T18:45:00+00:00,2026,ECLQ,10,False,4897998,4,1008,away,3831,3,0,not in squad,,,False,0,0,0,0,0,0,0,,,,0,0
741588,Roni Hudd,2026-07-23T16:00:00+00:00,2026,ECLQ,10,False,4897961,3,1008,home,3831,5,0,not in squad,,,False,0,0,0,0,0,0,0,,,,0,0
1067927,Toivo Mero,2026-07-30T18:45:00+00:00,2026,ECLQ,10,False,4897998,4,1008,away,3831,3,0,played,18,12,False,78,1,0,0,0,0,0,,,78,0,0
1067927,Toivo Mero,2026-07-23T16:00:00+00:00,2026,ECLQ,10,False,4897961,3,1008,home,3831,5,0,played,18,11,False,82,1,0,0,0,0,0,,,82,0,0
672789,Eetu Huuhtanen,2026-07-30T16:00:00+00:00,2026,ECLQ,10,False,4897996,4,8042,home,6890,2,0,played,1,1,False,90,0,0,0,0,0,0,,,,0,0
672789,Eetu Huuhtanen,2026-07-22T17:45:00+00:00,2026,ECLQ,10,False,4897959,3,8042,away,6890,1,1,played,1,1,False,90,0,0,0,0,0,0,,,,0,0
672789,Eetu Huuhtanen,2026-07-16T15:00:00+00:00,2026,ECLQ,10,False,4897258,2,8042,home,282,2,1,played,1,1,False,90,0,0,0,0,0,0,,,,0,0
672789,Eetu Huuhtanen,2026-07-09T19:00:00+00:00,2026,ECLQ,10,False,4897232,1,8042,away,282,1,1,played,1,1,False,90,0,0,0,0,0,0,,,,0,0
1268838,Alex Hilden,2026-07-30T16:00:00+00:00,2026,ECLQ,10,False,4897996,4,8042,home,6890,2,0,not in squad,,,False,0,0,0,0,0,0,0,,,,0,0
1268838,Alex Hilden,2026-07-22T17:45:00+00:00,2026,ECLQ,10,False,4897959,3,8042,away,6890,1,1,not in squad,,,False,0,0,0,0,0,0,0,,,,0,0
1268838,Alex Hilden,2026-07-16T15:00:00+00:00,2026,ECLQ,10,False,4897258,2,8042,home,282,2,1,not in squad,,,False,0,0,0,0,0,0,0,,,,0,0
1268838,Alex Hilden,2026-07-09T19:00:00+00:00,2026,ECLQ,10,False,4897232,1,8042,away,282,1,1,not in squad,,,False,0,0,0,0,0,0,0,,,,0,0
1073022,Eero Vuorjoki,2026-07-30T16:00:00+00:00,2026,ECLQ,10,False,4897996,4,8042,home,6890,2,0,in squad,12,,False,0,0,0,0,0,0,0,,,,0,0
1073022,Eero Vuorjoki,2026-07-22T17:45:00+00:00,2026,ECLQ,10,False,4897959,3,8042,away,6890,1,1,in squad,12,,False,0,0,0,0,0,0,0,,,,0,0
1073022,Eero Vuorjoki,2026-07-16T15:00:00+00:00,2026,ECLQ,10,False,4897258,2,8042,home,282,2,1,in squad,12,,False,0,0,0,0,0,0,0,,,,0,0
1073022,Eero Vuorjoki,2026-07-09T19:00:00+00:00,2026,ECLQ,10,False,4897232,1,8042,away,282,1,1,in squad,12,,False,0,0,0,0,0,0,0,,,,0,0
357131,Ville Seppä,2026-07-30T16:00:00+00:00,2026,ECLQ,10,False,4897996,4,8042,home,6890,2,0,in squad,36,,False,0,0,0,0,0,0,0,,,,0,0
357131,Ville Seppä,2026-07-22T17:45:00+00:00,2026,ECLQ,10,False,4897959,3,8042,away,6890,1,1,in squad,36,,False,0,0,0,0,0,0,0,,,,0,0
357131,Ville Seppä,2026-07-16T15:00:00+00:00,2026,ECLQ,10,False,4897258,2,8042,home,282,2,1,in squad,36,,False,0,0,0,0,0,0,0,,,,0,0
357131,Ville Seppä,2026-07-09T19:00:00+00:00,2026,ECLQ,10,False,4897232,1,8042,away,282,1,1,in squad,36,,False,0,0,0,0,0,0,0,,,,0,0
1249658,Alfie Cicale,2026-07-30T18:45:00+00:00,2026,ECLQ,10,False,4897998,4,1008,away,3831,3,0,played,7,11,False,90,1,1,0,0,0,0,,,,0,0
1249658,Alfie Cicale,2026-07-23T16:00:00+00:00,2026,ECLQ,10,False,4897961,3,1008,home,3831,5,0,in squad,7,,False,0,0,0,0,0,0,0,,,,0,0
592393,Jussi Niska,2026-07-30T16:00:00+00:00,2026,ECLQ,10,False,4897996,4,8042,home,6890,2,0,played,2,4,False,90,0,0,0,0,0,0,,,,0,0
592393,Jussi Niska,2026-07-22T17:45:00+00:00,2026,ECLQ,10,False,4897959,3,8042,away,6890,1,1,played,2,4,False,90,0,0,0,0,0,0,,,,0,0
592393,Jussi Niska,2026-07-16T15:00:00+00:00,2026,ECLQ,10,False,4897258,2,8042,home,282,2,1,played,2,4,False,90,0,0,0,0,0,0,,,,0,0
592393,Jussi Niska,2026-07-09T19:00:00+00:00,2026,ECLQ,10,False,4897232,1,8042,away,282,1,1,played,2,4,False,90,0,0,0,0,0,0,,,,0,0
1139732,Antton Nylund,2026-07-30T18:45:00+00:00,2026,ECLQ,10,False,4897998,4,1008,away,3831,3,0,not in squad,,,False,0,0,0,0,0,0,0,,,,0,0
1139732,Antton Nylund,2026-07-23T16:00:00+00:00,2026,ECLQ,10,False,4897961,3,1008,home,3831,5,0,not in squad,,,False,0,0,0,0,0,0,0,,,,0,0
228650,Juuso Hämäläinen,2026-07-30T16:00:00+00:00,2026,ECLQ,10,False,4897996,4,8042,home,6890,2,0,not in squad,,,False,0,0,0,0,0,0,0,,,,0,0
228650,Juuso Hämäläinen,2026-07-22T17:45:00+00:00,2026,ECLQ,10,False,4897959,3,8042,away,6890,1,1,not in squad,,,False,0,0,0,0,0,0,0,,,,0,0
228650,Juuso Hämäläinen,2026-07-16T15:00:00+00:00,2026,ECLQ,10,False,4897258,2,8042,home,282,2,1,not in squad,,,False,0,0,0,0,0,0,0,,,,0,0
228650,Juuso Hämäläinen,2026-07-09T19:00:00+00:00,2026,ECLQ,10,False,4897232,1,8042,away,282,1,1,played,3,3,True,90,0,0,0,0,0,0,,,,0,0
488776,Seth Saarinen,2026-07-30T16:00:00+00:00,2026,ECLQ,10,False,4897996,4,8042,home,6890,2,0,played,18,5,False,90,0,0,0,0,0,0,,,,0,0
488776,Seth Saarinen,2026-07-22T17:45:00+00:00,2026,ECLQ,10,False,4897959,3,8042,away,6890,1,1,played,18,5,False,90,0,0,0,0,0,0,,,,0,0
488776,Seth Saarinen,2026-07-16T15:00:00+00:00,2026,ECLQ,10,False,4897258,2,8042,home,282,2,1,played,18,5,False,90,0,0,0,0,0,0,,,,0,0
488776,Seth Saarinen,2026-07-09T19:00:00+00:00,2026,ECLQ,10,False,4897232,1,8042,away,282,1,1,played,18,5,False,90,0,0,0,0,0,0,,,,0,0
488778,Julius Tauriainen,2026-07-30T16:00:00+00:00,2026,ECLQ,10,False,4897996,4,8042,home,6890,2,0,played,24,12,False,24,0,0,0,0,0,0,,66,,0,0
488778,Julius Tauriainen,2026-07-22T17:45:00+00:00,2026,ECLQ,10,False,4897959,3,8042,away,6890,1,1,played,24,8,False,13,0,0,0,0,0,0,,77,,0,0
488778,Julius Tauriainen,2026-07-16T15:00:00+00:00,2026,ECLQ,10,False,4897258,2,8042,home,282,2,1,played,24,0,False,1,0,0,0,0,0,0,,90,,0,0
488778,Julius Tauriainen,2026-07-09T19:00:00+00:00,2026,ECLQ,10,False,4897232,1,8042,away,282,1,1,played,24,0,False,7,0,0,0,0,0,0,,83,,0,0
146907,Albin Granlund,2026-07-30T16:00:00+00:00,2026,ECLQ,10,False,4897996,4,8042,home,6890,2,0,not in squad,,,False,0,0,0,0,0,0,0,,,,0,0
146907,Albin Granlund,2026-07-22T17:45:00+00:00,2026,ECLQ,10,False,4897959,3,8042,away,6890,1,1,not in squad,,,False,0,0,0,0,0,0,0,,,,0,0
146907,Albin Granlund,2026-07-16T15:00:00+00:00,2026,ECLQ,10,False,4897258,2,8042,home,282,2,1,not in squad,,,False,0,0,0,0,0,0,0,,,,0,0
146907,Albin Granlund,2026-07-09T19:00:00+00:00,2026,ECLQ,10,False,4897232,1,8042,away,282,1,1,not in squad,,,False,0,0,0,0,0,0,0,,,,0,0
579257,Prosper Ahiabu,2026-07-30T16:00:00+00:00,2026,ECLQ,10,False,4897996,4,8042,home,6890,2,0,played,4,7,False,24,0,0,0,0,0,0,,66,,0,0
579257,Prosper Ahiabu,2026-07-22T17:45:00+00:00,2026,ECLQ,10,False,4897959,3,8042,away,6890,1,1,played,4,6,False,26,0,0,1,0,1,0,,64,,0,0
579257,Prosper Ahiabu,2026-07-16T15:00:00+00:00,2026,ECLQ,10,False,4897258,2,8042,home,282,2,1,played,4,0,False,28,0,1,0,0,0,0,,62,,0,0
579257,Prosper Ahiabu,2026-07-09T19:00:00+00:00,2026,ECLQ,10,False,4897232,1,8042,away,282,1,1,played,4,6,False,90,0,0,0,0,0,0,,,,0,0
1134347,Ilari Kangasniemi,2026-07-30T16:00:00+00:00,2026,ECLQ,10,False,4897996,4,8042,home,6890,2,0,played,21,3,False,81,0,0,0,0,0,0,,,81,0,0
1134347,Ilari Kangasniemi,2026-07-22T17:45:00+00:00,2026,ECLQ,10,False,4897959,3,8042,away,6890,1,1,played,21,3,False,90,0,0,0,0,0,0,,,,0,0
1134347,Ilari Kangasniemi,2026-07-16T15:00:00+00:00,2026,ECLQ,10,False,4897258,2,8042,home,282,2,1,played,21,3,False,90,0,0,0,0,0,0,,,,0,0
1134347,Ilari Kangasniemi,2026-07-09T19:00:00+00:00,2026,ECLQ,10,False,4897232,1,8042,away,282,1,1,played,21,3,False,90,0,0,0,0,0,0,,,,0,0
622439,Johannes Yli-Kokko,2026-07-30T16:00:00+00:00,2026,ECLQ,10,False,4897996,4,8042,home,6890,2,0,not in squad,,,False,0,0,0,0,0,0,0,,,,0,0
622439,Johannes Yli-Kokko,2026-07-22T17:45:00+00:00,2026,ECLQ,10,False,4897959,3,8042,away,6890,1,1,not in squad,,,False,0,0,0,0,0,0,0,,,,0,0
622439,Johannes Yli-Kokko,2026-07-16T15:00:00+00:00,2026,ECLQ,10,False,4897258,2,8042,home,282,2,1,not in squad,,,False,0,0,0,0,0,0,0,,,,0,0
622439,Johannes Yli-Kokko,2026-07-09T19:00:00+00:00,2026,ECLQ,10,False,4897232,1,8042,away,282,1,1,not in squad,,,False,0,0,0,0,0,0,0,,,,0,0
1018033,Axel Sandler,2026-07-30T16:00:00+00:00,2026,ECLQ,10,False,4897996,4,8042,home,6890,2,0,in squad,20,,False,0,0,0,0,0,0,0,,,,0,0
1018033,Axel Sandler,2026-07-22T17:45:00+00:00,2026,ECLQ,10,False,4897959,3,8042,away,6890,1,1,in squad,20,,False,0,0,0,0,0,0,0,,,,0,0
1018033,Axel Sandler,2026-07-16T15:00:00+00:00,2026,ECLQ,10,False,4897258,2,8042,home,282,2,1,in squad,20,,False,0,0,0,0,0,0,0,,,,0,0
1018033,Axel Sandler,2026-07-09T19:00:00+00:00,2026,ECLQ,10,False,4897232,1,8042,away,282,1,1,in squad,20,,False,0,0,0,0,0,0,0,,,,0,0
273381,Iiro Järvinen,2026-07-30T16:00:00+00:00,2026,ECLQ,10,False,4897996,4,8042,home,6890,2,0,played,19,7,False,9,0,0,0,0,0,0,,81,,0,0
273381,Iiro Järvinen,2026-07-22T17:45:00+00:00,2026,ECLQ,10,False,4897959,3,8042,away,6890,1,1,played,19,10,False,1,0,0,0,0,0,0,,89,,0,0
273381,Iiro Järvinen,2026-07-16T15:00:00+00:00,2026,ECLQ,10,False,4897258,2,8042,home,282,2,1,played,19,0,False,7,0,0,0,0,0,0,,83,,0,0
273381,Iiro Järvinen,2026-07-09T19:00:00+00:00,2026,ECLQ,10,False,4897232,1,8042,away,282,1,1,played,19,0,False,16,0,0,0,0,0,0,,74,,0,0
619911,Janne-Pekka Laine,2026-07-30T16:00:00+00:00,2026,ECLQ,10,False,4897996,4,8042,home,6890,2,0,played,14,6,False,88,0,1,1,0,0,1,50,,,0,0
619911,Janne-Pekka Laine,2026-07-22T17:45:00+00:00,2026,ECLQ,10,False,4897959,3,8042,away,6890,1,1,played,14,6,False,90,0,0,0,0,0,0,90,,,0,0
619911,Janne-Pekka Laine,2026-07-16T15:00:00+00:00,2026,ECLQ,10,False,4897258,2,8042,home,282,2,1,played,14,7,False,90,0,0,0,0,0,0,,,,0,0
619911,Janne-Pekka Laine,2026-07-09T19:00:00+00:00,2026,ECLQ,10,False,4897232,1,8042,away,282,1,1,played,14,7,False,90,0,0,0,0,0,0,,,,0,0
1139747,Eeli Kiiskilä,2026-07-30T16:00:00+00:00,2026,ECLQ,10,False,4897996,4,8042,home,6890,2,0,in squad,35,,False,0,0,0,0,0,0,0,,,,0,0
1139747,Eeli Kiiskilä,2026-07-22T17:45:00+00:00,2026,ECLQ,10,False,4897959,3,8042,away,6890,1,1,in squad,35,,False,0,0,0,0,0,0,0,,,,0,0
1139747,Eeli Kiiskilä,2026-07-16T15:00:00+00:00,2026,ECLQ,10,False,4897258,2,8042,home,282,2,1,in squad,35,,False,0,0,0,0,0,0,0,,,,0,0
1139747,Eeli Kiiskilä,2026-07-09T19:00:00+00:00,2026,ECLQ,10,False,4897232,1,8042,away,282,1,1,in squad,35,,False,0,0,0,0,0,0,0,,,,0,0
1040825,Loic Essomba,2026-07-30T16:00:00+00:00,2026,ECLQ,10,False,4897996,4,8042,home,6890,2,0,played,23,12,False,66,0,1,1,0,1,0,,,66,0,0
1040825,Loic Essomba,2026-07-22T17:45:00+00:00,2026,ECLQ,10,False,4897959,3,8042,away,6890,1,1,played,23,12,False,64,0,0,0,0,0,0,,,64,0,0
1040825,Loic Essomba,2026-07-16T15:00:00+00:00,2026,ECLQ,10,False,4897258,2,8042,home,282,2,1,played,23,12,False,90,0,0,0,0,0,0,,,90,0,0
1040825,Loic Essomba,2026-07-09T19:00:00+00:00,2026,ECLQ,10,False,4897232,1,8042,away,282,1,1,played,23,12,False,83,0,1,0,0,0,0,,,83,0,0
649457,Jean Botué,2026-07-30T16:00:00+00:00,2026,ECLQ,10,False,4897996,4,8042,home,6890,2,0,played,11,14,False,17,0,0,1,1,0,0,,73,,0,0
649457,Jean Botué,2026-07-22T17:45:00+00:00,2026,ECLQ,10,False,4897959,3,8042,away,6890,1,1,played,11,14,False,13,0,0,0,0,0,0,,77,,0,0
649457,Jean Botué,2026-07-16T15:00:00+00:00,2026,ECLQ,10,False,4897258,2,8042,home,282,2,1,played,11,0,False,7,0,0,0,0,0,0,,83,,0,0
649457,Jean Botué,2026-07-09T19:00:00+00:00,2026,ECLQ,10,False,4897232,1,8042,away,282,1,1,played,11,0,False,16,0,0,0,0,0,0,,74,,0,0
1051013,Vincent Ulundu,2026-07-30T16:00:00+00:00,2026,ECLQ,10,False,4897996,4,8042,home,6890,2,0,in squad,27,,False,0,0,0,0,0,0,0,,,,0,0
1051013,Vincent Ulundu,2026-07-22T17:45:00+00:00,2026,ECLQ,10,False,4897959,3,8042,away,6890,1,1,in squad,27,,False,0,0,0,0,0,0,0,,,,0,0
1051013,Vincent Ulundu,2026-07-16T15:00:00+00:00,2026,ECLQ,10,False,4897258,2,8042,home,282,2,1,in squad,27,,False,0,0,0,0,0,0,0,,,,0,0
1051013,Vincent Ulundu,2026-07-09T19:00:00+00:00,2026,ECLQ,10,False,4897232,1,8042,away,282,1,1,not in squad,,,False,0,0,0,0,0,0,0,,,,0,0
737999,Luka Kuittinen,2026-07-30T16:00:00+00:00,2026,ECLQ,10,False,4897996,4,8042,home,6890,2,0,played,22,3,True,90,0,0,0,0,0,0,,,,0,0
737999,Luka Kuittinen,2026-07-22T17:45:00+00:00,2026,ECLQ,10,False,4897959,3,8042,away,6890,1,1,played,22,3,True,90,0,0,1,1,0,0,,,,0,0
737999,Luka Kuittinen,2026-07-16T15:00:00+00:00,2026,ECLQ,10,False,4897258,2,8042,home,282,2,1,played,22,3,True,90,0,0,0,0,0,0,,,,0,0
737999,Luka Kuittinen,2026-07-09T19:00:00+00:00,2026,ECLQ,10,False,4897232,1,8042,away,282,1,1,in squad,22,,False,0,0,0,0,0,0,0,,,,0,0
679829,Henri Salomaa,2026-07-30T16:00:00+00:00,2026,ECLQ,10,False,4897996,4,8042,home,6890,2,0,in squad,25,,False,0,0,0,0,0,0,0,,,,0,0
679829,Henri Salomaa,2026-07-22T17:45:00+00:00,2026,ECLQ,10,False,4897959,3,8042,away,6890,1,1,in squad,25,,False,0,0,0,0,0,0,0,,,,0,0
679829,Henri Salomaa,2026-07-16T15:00:00+00:00,2026,ECLQ,10,False,4897258,2,8042,home,282,2,1,in squad,25,,False,0,0,0,0,0,0,0,,,,0,0
679829,Henri Salomaa,2026-07-09T19:00:00+00:00,2026,ECLQ,10,False,4897232,1,8042,away,282,1,1,played,25,0,False,2,0,0,0,0,0,0,,88,,0,0
937931,Vilho Huovila,2026-07-30T16:00:00+00:00,2026,ECLQ,10,False,4897996,4,8042,home,6890,2,0,in squad,26,,False,0,0,0,0,0,0,0,,,,0,0
937931,Vilho Huovila,2026-07-22T17:45:00+00:00,2026,ECLQ,10,False,4897959,3,8042,away,6890,1,1,in squad,26,,False,0,0,0,0,0,0,0,,,,0,0
937931,Vilho Huovila,2026-07-16T15:00:00+00:00,2026,ECLQ,10,False,4897258,2,8042,home,282,2,1,in squad,26,,False,0,0,0,0,0,0,0,,,,0,0
937931,Vilho Huovila,2026-07-09T19:00:00+00:00,2026,ECLQ,10,False,4897232,1,8042,away,282,1,1,in squad,26,,False,0,0,0,0,0,0,0,,,,0,0
274749,Jasse Tuominen,2026-07-30T16:00:00+00:00,2026,ECLQ,10,False,4897996,4,8042,home,6890,2,0,played,9,7,False,66,1,0,2,1,1,0,55,,66,0,0
274749,Jasse Tuominen,2026-07-22T17:45:00+00:00,2026,ECLQ,10,False,4897959,3,8042,away,6890,1,1,played,9,10,False,77,0,1,2,0,1,1,75,,77,0,0
274749,Jasse Tuominen,2026-07-16T15:00:00+00:00,2026,ECLQ,10,False,4897258,2,8042,home,282,2,1,played,9,10,False,83,0,0,0,0,0,0,,,83,0,0
274749,Jasse Tuominen,2026-07-09T19:00:00+00:00,2026,ECLQ,10,False,4897232,1,8042,away,282,1,1,played,9,10,False,74,0,0,0,0,0,0,,,74,0,0
1190286,Clinton Jephta,2026-07-30T16:00:00+00:00,2026,ECLQ,10,False,4897996,4,8042,home,6890,2,0,played,16,11,False,90,1,0,1,1,0,0,,,,0,0
1190286,Clinton Jephta,2026-07-22T17:45:00+00:00,2026,ECLQ,10,False,4897959,3,8042,away,6890,1,1,played,16,11,False,90,1,0,3,2,1,0,,,,0,0
1190286,Clinton Jephta,2026-07-16T15:00:00+00:00,2026,ECLQ,10,False,4897258,2,8042,home,282,2,1,played,16,11,False,90,1,0,0,0,0,0,88,,,0,0
1190286,Clinton Jephta,2026-07-09T19:00:00+00:00,2026,ECLQ,10,False,4897232,1,8042,away,282,1,1,played,16,11,False,88,0,0,0,0,0,0,,,88,0,0
1139745,Leevi Palmula,2026-07-30T18:45:00+00:00,2026,ECLQ,10,False,4897998,4,1008,away,3831,3,0,not in squad,,,False,0,0,0,0,0,0,0,,,,0,0
1139745,Leevi Palmula,2026-07-23T16:00:00+00:00,2026,ECLQ,10,False,4897961,3,1008,home,3831,5,0,not in squad,,,False,0,0,0,0,0,0,0,,,,0,0
1364105,Valo Konttas,2026-07-30T18:45:00+00:00,2026,ECLQ,10,False,4897998,4,1008,away,3831,3,0,not in squad,,,False,0,0,0,0,0,0,0,,,,0,0
1364105,Valo Konttas,2026-07-23T16:00:00+00:00,2026,ECLQ,10,False,4897961,3,1008,home,3831,5,0,not in squad,,,False,0,0,0,0,0,0,0,,,,0,0
937989,Mustafa Ameen,2026-07-30T18:45:00+00:00,2026,ECLQ,10,False,4897998,4,1008,away,3831,3,0,not in squad,,,False,0,0,0,0,0,0,0,,,,0,0
937989,Mustafa Ameen,2026-07-23T16:00:00+00:00,2026,ECLQ,10,False,4897961,3,1008,home,3831,5,0,not in squad,,,False,0,0,0,0,0,0,0,,,,0,0
996665,Alie Conteh,2026-07-30T16:00:00+00:00,2026,ECLQ,10,False,4897996,4,8042,home,6890,2,0,played,10,14,False,73,0,0,4,4,0,0,,,73,0,0
996665,Alie Conteh,2026-07-22T17:45:00+00:00,2026,ECLQ,10,False,4897959,3,8042,away,6890,1,1,played,10,14,False,77,0,0,4,2,1,1,,,77,0,0
996665,Alie Conteh,2026-07-16T15:00:00+00:00,2026,ECLQ,10,False,4897258,2,8042,home,282,2,1,played,10,14,False,83,1,0,0,0,0,0,,,83,0,0
996665,Alie Conteh,2026-07-09T19:00:00+00:00,2026,ECLQ,10,False,4897232,1,8042,away,282,1,1,played,10,14,False,74,1,0,0,0,0,0,,,74,0,0
1111932,Olatoundji Tessilimi,2026-07-31T17:00:00+00:00,2026,TS2,2,False,4905325,2,450,away,28596,2,2,played,17,0,False,30,0,0,0,0,0,0,,60,,0,0
1111932,Olatoundji Tessilimi,2026-07-24T16:00:00+00:00,2026,TS2,2,False,4901927,1,450,home,19077,2,0,played,17,11,False,31,1,0,0,0,0,0,,59,,0,0
617790,Samuel Chukwudi,2026-08-02T15:00:00+00:00,2026,A1,1,False,4904831,1,266,away,541,1,1,played,28,3,False,90,0,0,4,2,2,0,,,,0,0
617790,Samuel Chukwudi,2026-07-24T16:30:00+00:00,2026,ofb,8,False,4902299,1,266,away,7448,5,1,played,28,3,False,90,1,1,0,0,0,0,,,,0,0
201623,Otso Virtanen,2026-07-30T16:00:00+00:00,2026,ECLQ,10,False,4945491,4,3189,home,21875,7,5,in squad,1,,False,0,0,0,0,0,0,0,,,,0,0
201623,Otso Virtanen,2026-07-23T19:00:00+00:00,2026,ECLQ,10,False,4945479,3,3189,away,21875,0,1,in squad,1,,False,0,0,0,0,0,0,0,,,,0,0
201623,Otso Virtanen,2026-07-16T16:00:00+00:00,2026,ECLQ,10,False,4897272,2,3189,home,11914,3,1,in squad,1,,False,0,0,0,0,0,0,0,,,,0,0
201623,Otso Virtanen,2026-07-08T17:30:00+00:00,2026,ECLQ,10,False,4897246,1,3189,away,11914,0,0,in squad,1,,False,0,0,0,0,0,0,0,,,,0,0
590554,Faris Krkalic,2026-07-30T16:00:00+00:00,2026,ECLQ,10,False,4945491,4,3189,home,21875,7,5,played,12,1,False,120,0,0,0,0,0,0,,,,0,0
590554,Faris Krkalic,2026-07-23T19:00:00+00:00,2026,ECLQ,10,False,4945479,3,3189,away,21875,0,1,played,12,1,False,90,0,0,0,0,0,0,,,,0,0
590554,Faris Krkalic,2026-07-16T16:00:00+00:00,2026,ECLQ,10,False,4897272,2,3189,home,11914,3,1,played,12,1,False,90,0,0,0,0,0,0,,,,0,0
590554,Faris Krkalic,2026-07-08T17:30:00+00:00,2026,ECLQ,10,False,4897246,1,3189,away,11914,0,0,played,12,1,False,90,0,0,0,0,0,0,,,,0,0
488764,Matias Rale,2026-07-30T16:00:00+00:00,2026,ECLQ,10,False,4945491,4,3189,home,21875,7,5,played,3,3,False,120,0,1,0,0,0,0,,,,0,0
488764,Matias Rale,2026-07-23T19:00:00+00:00,2026,ECLQ,10,False,4945479,3,3189,away,21875,0,1,played,3,3,False,85,0,0,0,0,0,0,,,85,0,0
488764,Matias Rale,2026-07-16T16:00:00+00:00,2026,ECLQ,10,False,4897272,2,3189,home,11914,3,1,played,3,3,False,90,0,0,0,0,0,0,,,,0,0
488764,Matias Rale,2026-07-08T17:30:00+00:00,2026,ECLQ,10,False,4897246,1,3189,away,11914,0,0,played,3,3,False,90,0,0,0,0,0,0,85,,,0,0
261095,Sauli Väisänen,2026-07-30T16:00:00+00:00,2026,ECLQ,10,False,4945491,4,3189,home,21875,7,5,played,5,3,True,120,0,0,0,0,0,0,,,,0,0
261095,Sauli Väisänen,2026-07-23T19:00:00+00:00,2026,ECLQ,10,False,4945479,3,3189,away,21875,0,1,played,5,3,True,71,0,0,0,0,0,0,,,71,0,0
261095,Sauli Väisänen,2026-07-16T16:00:00+00:00,2026,ECLQ,10,False,4897272,2,3189,home,11914,3,1,played,5,0,False,5,0,0,0,0,0,0,,85,,0,0
261095,Sauli Väisänen,2026-07-08T17:30:00+00:00,2026,ECLQ,10,False,4897246,1,3189,away,11914,0,0,played,5,0,False,20,0,0,0,0,0,0,,70,,0,0
509521,Rasmus Leislahti,2026-07-30T16:00:00+00:00,2026,ECLQ,10,False,4945491,4,3189,home,21875,7,5,in squad,31,,False,0,0,0,0,0,0,0,,,,0,0
509521,Rasmus Leislahti,2026-07-23T19:00:00+00:00,2026,ECLQ,10,False,4945479,3,3189,away,21875,0,1,in squad,31,,False,0,0,0,0,0,0,0,,,,0,0
509521,Rasmus Leislahti,2026-07-16T16:00:00+00:00,2026,ECLQ,10,False,4897272,2,3189,home,11914,3,1,in squad,31,,False,0,0,0,0,0,0,0,,,,0,0
509521,Rasmus Leislahti,2026-07-08T17:30:00+00:00,2026,ECLQ,10,False,4897246,1,3189,away,11914,0,0,in squad,31,,False,0,0,0,0,0,0,0,,,,0,0
785866,Oliver Pettersson,2026-07-30T16:00:00+00:00,2026,ECLQ,10,False,4945491,4,3189,home,21875,7,5,played,4,8,False,85,0,0,0,0,0,0,,,85,0,0
785866,Oliver Pettersson,2026-07-23T19:00:00+00:00,2026,ECLQ,10,False,4945479,3,3189,away,21875,0,1,played,4,8,False,71,0,0,0,0,0,0,,,71,0,0
785866,Oliver Pettersson,2026-07-16T16:00:00+00:00,2026,ECLQ,10,False,4897272,2,3189,home,11914,3,1,played,4,0,False,45,0,0,0,0,0,0,,46,,0,0
785866,Oliver Pettersson,2026-07-08T17:30:00+00:00,2026,ECLQ,10,False,4897246,1,3189,away,11914,0,0,in squad,4,,False,0,0,0,0,0,0,0,,,,0,0
1139731,Ville Kumpu,2026-07-30T16:00:00+00:00,2026,ECLQ,10,False,4945491,4,3189,home,21875,7,5,in squad,24,,False,0,0,0,0,0,0,0,,,,0,0
1139731,Ville Kumpu,2026-07-23T19:00:00+00:00,2026,ECLQ,10,False,4945479,3,3189,away,21875,0,1,played,24,0,False,19,0,0,0,0,0,0,,71,,0,0
1139731,Ville Kumpu,2026-07-16T16:00:00+00:00,2026,ECLQ,10,False,4897272,2,3189,home,11914,3,1,played,24,3,False,90,0,0,0,0,0,0,81,,,0,0
1139731,Ville Kumpu,2026-07-08T17:30:00+00:00,2026,ECLQ,10,False,4897246,1,3189,away,11914,0,0,played,24,3,False,90,0,0,0,0,0,0,,,,0,0
325450,Tatu Miettunen,2026-07-30T16:00:00+00:00,2026,ECLQ,10,False,4945491,4,3189,home,21875,7,5,played,16,3,False,120,1,0,0,0,0,0,,,,0,0
325450,Tatu Miettunen,2026-07-23T19:00:00+00:00,2026,ECLQ,10,False,4945479,3,3189,away,21875,0,1,played,16,3,False,90,0,0,0,0,0,0,,,,0,0
325450,Tatu Miettunen,2026-07-16T16:00:00+00:00,2026,ECLQ,10,False,4897272,2,3189,home,11914,3,1,played,16,3,False,60,0,0,0,0,0,0,,,60,0,0
325450,Tatu Miettunen,2026-07-08T17:30:00+00:00,2026,ECLQ,10,False,4897246,1,3189,away,11914,0,0,played,16,3,False,70,0,0,0,0,0,0,,,70,0,0
648572,Kalle Wallius,2026-07-30T16:00:00+00:00,2026,ECLQ,10,False,4945491,4,3189,home,21875,7,5,played,13,9,False,46,0,0,0,0,0,0,,,46,0,0
648572,Kalle Wallius,2026-07-23T19:00:00+00:00,2026,ECLQ,10,False,4945479,3,3189,away,21875,0,1,played,13,9,False,90,0,0,0,0,0,0,,,,0,0
648572,Kalle Wallius,2026-07-16T16:00:00+00:00,2026,ECLQ,10,False,4897272,2,3189,home,11914,3,1,played,13,9,False,90,0,0,0,0,0,0,,,,0,0
648572,Kalle Wallius,2026-07-08T17:30:00+00:00,2026,ECLQ,10,False,4897246,1,3189,away,11914,0,0,played,13,9,False,82,0,0,0,0,0,0,,,82,0,0
1102181,Sebastian Suvanne,2026-07-30T16:00:00+00:00,2026,ECLQ,10,False,4945491,4,3189,home,21875,7,5,in squad,25,,False,0,0,0,0,0,0,0,120,,,0,0
1102181,Sebastian Suvanne,2026-07-23T19:00:00+00:00,2026,ECLQ,10,False,4945479,3,3189,away,21875,0,1,not in squad,,,False,0,0,0,0,0,0,0,,,,0,0
1102181,Sebastian Suvanne,2026-07-16T16:00:00+00:00,2026,ECLQ,10,False,4897272,2,3189,home,11914,3,1,in squad,25,,False,0,0,0,0,0,0,0,,,,0,0
1102181,Sebastian Suvanne,2026-07-08T17:30:00+00:00,2026,ECLQ,10,False,4897246,1,3189,away,11914,0,0,not in squad,,,False,0,0,0,0,0,0,0,,,,0,0
1570003,Franck Kouakou,2026-07-30T16:00:00+00:00,2026,ECLQ,10,False,4945491,4,3189,home,21875,7,5,in squad,27,,False,0,0,0,0,0,0,0,,,,0,0
1570003,Franck Kouakou,2026-07-23T19:00:00+00:00,2026,ECLQ,10,False,4945479,3,3189,away,21875,0,1,not in squad,,,False,0,0,0,0,0,0,0,,,,0,0
226330,Joona Veteli,2026-07-30T16:00:00+00:00,2026,ECLQ,10,False,4945491,4,3189,home,21875,7,5,not in squad,,,False,0,0,0,0,0,0,0,,,,0,0
226330,Joona Veteli,2026-07-23T19:00:00+00:00,2026,ECLQ,10,False,4945479,3,3189,away,21875,0,1,played,7,7,False,58,0,0,0,0,0,0,,,58,0,0
226330,Joona Veteli,2026-07-16T16:00:00+00:00,2026,ECLQ,10,False,4897272,2,3189,home,11914,3,1,played,7,10,False,60,0,0,0,0,0,0,,,60,0,0
226330,Joona Veteli,2026-07-08T17:30:00+00:00,2026,ECLQ,10,False,4897246,1,3189,away,11914,0,0,played,7,10,False,62,0,0,0,0,0,0,,,62,0,0
354407,Anton Popovitch,2026-07-30T16:00:00+00:00,2026,ECLQ,10,False,4945491,4,3189,home,21875,7,5,played,14,7,False,120,0,0,0,0,0,0,107,,,0,0
354407,Anton Popovitch,2026-07-23T19:00:00+00:00,2026,ECLQ,10,False,4945479,3,3189,away,21875,0,1,played,14,7,False,90,0,0,0,0,0,0,81,,,0,0
354407,Anton Popovitch,2026-07-16T16:00:00+00:00,2026,ECLQ,10,False,4897272,2,3189,home,11914,3,1,played,14,7,False,90,0,0,0,0,0,0,,,,0,0
354407,Anton Popovitch,2026-07-08T17:30:00+00:00,2026,ECLQ,10,False,4897246,1,3189,away,11914,0,0,played,14,7,False,82,0,0,0,0,0,0,,,82,0,0
766069,Yiandro Raap,2026-07-30T16:00:00+00:00,2026,ECLQ,10,False,4945491,4,3189,home,21875,7,5,not in squad,,,False,0,0,0,0,0,0,0,,,,0,0
766069,Yiandro Raap,2026-07-23T19:00:00+00:00,2026,ECLQ,10,False,4945479,3,3189,away,21875,0,1,not in squad,,,False,0,0,0,0,0,0,0,,,,0,0
766069,Yiandro Raap,2026-07-16T16:00:00+00:00,2026,ECLQ,10,False,4897272,2,3189,home,11914,3,1,played,6,7,False,69,1,0,0,0,0,0,,,,0,0
766069,Yiandro Raap,2026-07-08T17:30:00+00:00,2026,ECLQ,10,False,4897246,1,3189,away,11914,0,0,played,6,7,False,62,0,0,0,0,0,0,,,62,0,0
896597,Jardell Kanga,2026-07-30T16:00:00+00:00,2026,ECLQ,10,False,4945491,4,3189,home,21875,7,5,played,30,10,False,120,0,1,0,0,0,0,,,,0,0
896597,Jardell Kanga,2026-07-23T19:00:00+00:00,2026,ECLQ,10,False,4945479,3,3189,away,21875,0,1,played,30,10,False,90,0,0,0,0,0,0,,,,0,0
896597,Jardell Kanga,2026-07-16T16:00:00+00:00,2026,ECLQ,10,False,4897272,2,3189,home,11914,3,1,played,30,10,True,85,1,2,0,0,0,0,90,,85,0,0
896597,Jardell Kanga,2026-07-08T17:30:00+00:00,2026,ECLQ,10,False,4897246,1,3189,away,11914,0,0,played,30,10,True,90,0,0,0,0,0,0,90,,,0,0
1139748,Otto Tiitinen,2026-07-30T16:00:00+00:00,2026,ECLQ,10,False,4945491,4,3189,home,21875,7,5,in squad,20,,False,0,0,0,0,0,0,0,,,,0,0
1139748,Otto Tiitinen,2026-07-23T19:00:00+00:00,2026,ECLQ,10,False,4945479,3,3189,away,21875,0,1,in squad,20,,False,0,0,0,0,0,0,0,,,,0,0
1139748,Otto Tiitinen,2026-07-16T16:00:00+00:00,2026,ECLQ,10,False,4897272,2,3189,home,11914,3,1,in squad,20,,False,0,0,0,0,0,0,0,,,,0,0
1139748,Otto Tiitinen,2026-07-08T17:30:00+00:00,2026,ECLQ,10,False,4897246,1,3189,away,11914,0,0,played,20,0,False,28,0,0,0,0,0,0,,62,,0,0
679593,Maksim Stjopin,2026-07-30T16:00:00+00:00,2026,ECLQ,10,False,4945491,4,3189,home,21875,7,5,not in squad,,,False,0,0,0,0,0,0,0,,,,0,0
679593,Maksim Stjopin,2026-07-23T19:00:00+00:00,2026,ECLQ,10,False,4945479,3,3189,away,21875,0,1,not in squad,,,False,0,0,0,0,0,0,0,,,,0,0
679593,Maksim Stjopin,2026-07-16T16:00:00+00:00,2026,ECLQ,10,False,4897272,2,3189,home,11914,3,1,not in squad,,,False,0,0,0,0,0,0,0,,,,0,0
679593,Maksim Stjopin,2026-07-08T17:30:00+00:00,2026,ECLQ,10,False,4897246,1,3189,away,11914,0,0,not in squad,,,False,0,0,0,0,0,0,0,,,,0,0
1149427,Oskari Multala,2026-07-30T16:00:00+00:00,2026,ECLQ,10,False,4945491,4,3189,home,21875,7,5,played,22,7,False,46,0,0,0,0,0,0,24,,46,0,0
1149427,Oskari Multala,2026-07-23T19:00:00+00:00,2026,ECLQ,10,False,4945479,3,3189,away,21875,0,1,played,22,0,False,32,0,0,0,0,0,0,,58,,0,0
1149427,Oskari Multala,2026-07-16T16:00:00+00:00,2026,ECLQ,10,False,4897272,2,3189,home,11914,3,1,played,22,0,False,12,0,0,0,0,0,0,,78,,0,0
1149427,Oskari Multala,2026-07-08T17:30:00+00:00,2026,ECLQ,10,False,4897246,1,3189,away,11914,0,0,in squad,22,,False,0,0,0,0,0,0,0,,,,0,0
1297768,Rasmus Halonen,2026-07-30T16:00:00+00:00,2026,ECLQ,10,False,4945491,4,3189,home,21875,7,5,not in squad,,,False,0,0,0,0,0,0,0,,,,0,0
1297768,Rasmus Halonen,2026-07-23T19:00:00+00:00,2026,ECLQ,10,False,4945479,3,3189,away,21875,0,1,not in squad,,,False,0,0,0,0,0,0,0,,,,0,0
1297768,Rasmus Halonen,2026-07-16T16:00:00+00:00,2026,ECLQ,10,False,4897272,2,3189,home,11914,3,1,not in squad,,,False,0,0,0,0,0,0,0,,,,0,0
1297768,Rasmus Halonen,2026-07-08T17:30:00+00:00,2026,ECLQ,10,False,4897246,1,3189,away,11914,0,0,not in squad,,,False,0,0,0,0,0,0,0,,,,0,0
270515,Lauri Ala-Myllymäki,2026-07-30T16:00:00+00:00,2026,ECLQ,10,False,4945491,4,3189,home,21875,7,5,played,15,0,False,35,0,0,0,0,0,0,,85,,0,0
270515,Lauri Ala-Myllymäki,2026-07-23T19:00:00+00:00,2026,ECLQ,10,False,4945479,3,3189,away,21875,0,1,played,15,0,False,5,0,0,0,0,0,0,,85,,0,0
270515,Lauri Ala-Myllymäki,2026-07-16T16:00:00+00:00,2026,ECLQ,10,False,4897272,2,3189,home,11914,3,1,in squad,15,,False,0,0,0,0,0,0,0,,,,0,0
270515,Lauri Ala-Myllymäki,2026-07-08T17:30:00+00:00,2026,ECLQ,10,False,4897246,1,3189,away,11914,0,0,injured,,,False,0,0,0,0,0,0,0,,,,195,0
107577,Roope Riski,2026-07-30T16:00:00+00:00,2026,ECLQ,10,False,4945491,4,3189,home,21875,7,5,played,10,0,False,46,0,0,0,0,0,0,,74,,0,0
107577,Roope Riski,2026-07-23T19:00:00+00:00,2026,ECLQ,10,False,4945479,3,3189,away,21875,0,1,played,10,0,False,32,0,0,0,0,0,0,,58,,0,0
107577,Roope Riski,2026-07-16T16:00:00+00:00,2026,ECLQ,10,False,4897272,2,3189,home,11914,3,1,played,10,0,False,30,1,0,0,0,0,0,,60,,0,0
107577,Roope Riski,2026-07-08T17:30:00+00:00,2026,ECLQ,10,False,4897246,1,3189,away,11914,0,0,played,10,0,False,8,0,0,0,0,0,0,,82,,0,0
737945,Teemu Hytönen,2026-07-30T16:00:00+00:00,2026,ECLQ,10,False,4945491,4,3189,home,21875,7,5,played,9,14,False,98,0,0,0,0,0,0,,,98,0,0
737945,Teemu Hytönen,2026-07-23T19:00:00+00:00,2026,ECLQ,10,False,4945479,3,3189,away,21875,0,1,played,9,14,False,90,0,0,0,0,0,0,,,,0,0
737945,Teemu Hytönen,2026-07-16T16:00:00+00:00,2026,ECLQ,10,False,4897272,2,3189,home,11914,3,1,played,9,14,False,78,0,0,0,0,0,0,,,78,0,0
737945,Teemu Hytönen,2026-07-08T17:30:00+00:00,2026,ECLQ,10,False,4897246,1,3189,away,11914,0,0,played,9,14,False,90,0,0,0,0,0,0,,,,0,0
1230470,Elias Tamminen,2026-07-30T16:00:00+00:00,2026,ECLQ,10,False,4945491,4,3189,home,21875,7,5,played,45,0,False,22,0,0,0,0,0,0,120,98,,0,0
1230470,Elias Tamminen,2026-07-23T19:00:00+00:00,2026,ECLQ,10,False,4945479,3,3189,away,21875,0,1,not in squad,,,False,0,0,0,0,0,0,0,,,,0,0
1230470,Elias Tamminen,2026-07-16T16:00:00+00:00,2026,ECLQ,10,False,4897272,2,3189,home,11914,3,1,not in squad,,,False,0,0,0,0,0,0,0,,,,0,0
1230470,Elias Tamminen,2026-07-08T17:30:00+00:00,2026,ECLQ,10,False,4897246,1,3189,away,11914,0,0,not in squad,,,False,0,0,0,0,0,0,0,,,,0,0
1570004,Hamidou Coulibaly,2026-07-30T16:00:00+00:00,2026,ECLQ,10,False,4945491,4,3189,home,21875,7,5,in squad,11,,False,0,0,0,0,0,0,0,,,,0,0
1570004,Hamidou Coulibaly,2026-07-23T19:00:00+00:00,2026,ECLQ,10,False,4945479,3,3189,away,21875,0,1,not in squad,,,False,0,0,0,0,0,0,0,,,,0,0
701679,Jesse Kilo,2026-07-30T16:00:00+00:00,2026,ECLQ,10,False,4945491,4,3189,home,21875,7,5,played,28,10,False,74,1,0,0,0,0,0,,,74,0,0
701679,Jesse Kilo,2026-07-23T19:00:00+00:00,2026,ECLQ,10,False,4945479,3,3189,away,21875,0,1,played,28,10,False,58,0,0,0,0,0,0,,,58,0,0
701679,Jesse Kilo,2026-07-16T16:00:00+00:00,2026,ECLQ,10,False,4897272,2,3189,home,11914,3,1,played,28,0,False,30,0,0,0,0,0,0,,60,,0,0
701679,Jesse Kilo,2026-07-08T17:30:00+00:00,2026,ECLQ,10,False,4897246,1,3189,away,11914,0,0,played,28,0,False,28,0,0,0,0,0,0,65,62,,0,0
944834,Stanislav Baranov,2026-07-30T16:00:00+00:00,2026,ECLQ,10,False,4945491,4,3189,home,21875,7,5,played,17,0,False,74,0,0,0,0,0,0,,46,,0,0
944834,Stanislav Baranov,2026-07-23T19:00:00+00:00,2026,ECLQ,10,False,4945479,3,3189,away,21875,0,1,in squad,17,,False,0,0,0,0,0,0,0,,,,0,0
944834,Stanislav Baranov,2026-07-16T16:00:00+00:00,2026,ECLQ,10,False,4897272,2,3189,home,11914,3,1,in squad,17,,False,0,0,0,0,0,0,0,,,,0,0
944834,Stanislav Baranov,2026-07-08T17:30:00+00:00,2026,ECLQ,10,False,4897246,1,3189,away,11914,0,0,played,17,0,False,8,0,0,0,0,0,0,,82,,0,0
1118724,Samuel Syrjänen,2026-07-23T19:00:00+00:00,2026,ECLQ,10,False,4945479,3,3189,away,21875,0,1,not in squad,,,False,0,0,0,0,0,0,0,,,,0,0
1118724,Samuel Syrjänen,2026-07-16T16:00:00+00:00,2026,ECLQ,10,False,4897272,2,3189,home,11914,3,1,not in squad,,,False,0,0,0,0,0,0,0,,,,0,0
1118724,Samuel Syrjänen,2026-07-08T17:30:00+00:00,2026,ECLQ,10,False,4897246,1,3189,away,11914,0,0,not in squad,,,False,0,0,0,0,0,0,0,,,,0,0
1015339,Julius Körkkö,2026-08-02T12:00:00+00:00,2026,DK1,1,False,4921758,2,2414,away,865,1,2,in squad,18,,False,0,0,0,0,0,0,0,,,,0,0
1015339,Julius Körkkö,2026-07-26T16:00:00+00:00,2026,DK1,1,False,4897555,1,2414,home,2778,1,1,not in squad,,,False,0,0,0,0,0,0,0,,,,0,0
1448181,Tobias Backman,2026-07-02T12:00:00+00:00,2026,FS,11,True,4911545,1,20792,home,28832,5,1,played,1,1,False,90,0,0,0,0,0,0,,,,0,0
1421479,Viktor Widlund,2026-06-03T17:00:00+00:00,2026,SEC,8,False,4889394,1,62885,home,23224,0,5,not in squad,,,False,0,0,0,0,0,0,0,,,,0,0
935477,Rui Monteiro,2026-07-09T17:15:00+00:00,2026,ECLQ,10,False,4897240,1,663,away,21274,2,1,not in squad,,,False,0,0,0,0,0,0,0,,,,0,0
